|(13, 13, 10)| |(244, 235, 231)| |(253, 245, 240)| |(137, 137, 139)| |(205, 200, 199)| |(85, 88, 92)| |(231, 226, 225)| |(42, 49, 54)|
|(239, 220, 212)| |(114, 89, 87)| |(16, 18, 14)| |(202, 183, 187)| |(21, 21, 16)| |(34, 28, 20)| |(161, 137, 142)| |(69, 46, 31)|
|(104, 112, 148)| |(55, 67, 98)| |(143, 141, 169)| |(238, 226, 222)| |(75, 89, 128)| |(207, 217, 235)| |(168, 185, 214)| |(186, 204, 230)|
|(190, 172, 178)| |(94, 77, 76)| |(153, 123, 124)| |(51, 46, 40)| |(33, 31, 30)| |(42, 38, 36)| |(239, 228, 225)| |(64, 53, 53)|
|(34, 67, 139)| |(55, 100, 180)| |(177, 200, 245)| |(123, 166, 234)| |(230, 234, 249)| |(157, 121, 186)| |(65, 137, 225)| |(24, 47, 101)|
|(210, 181, 133)| |(39, 39, 27)| |(25, 25, 21)| |(79, 63, 42)| |(141, 110, 66)| |(251, 247, 240)| |(42, 33, 50)| |(19, 19, 17)|
|(238, 235, 235)| |(248, 171, 166)| |(218, 113, 142)| |(135, 97, 144)| |(198, 148, 184)| |(212, 215, 227)| |(185, 191, 215)| |(136, 151, 189)|
|(194, 113, 79)| |(98, 54, 42)| |(226, 162, 129)| |(220, 136, 92)| |(237, 211, 202)| |(141, 75, 53)| |(169, 92, 63)| |(48, 31, 28)|
|(247, 235, 230)| |(221, 188, 174)| |(123, 92, 74)| |(205, 166, 145)| |(232, 204, 193)| |(53, 43, 37)| |(240, 217, 209)| |(175, 134, 111)|
|(157, 148, 174)| |(209, 194, 202)| |(251, 241, 235)| |(57, 61, 97)| |(204, 219, 239)| |(180, 207, 236)| |(228, 233, 242)| |(103, 104, 144)|
|(223, 197, 178)| |(88, 73, 60)| |(39, 34, 32)| |(125, 109, 83)| |(233, 233, 236)| |(159, 137, 112)| |(192, 163, 137)| |(181, 208, 239)|
|(76, 49, 53)| |(229, 108, 58)| |(189, 180, 211)| |(49, 31, 33)| |(159, 142, 174)| |(105, 80, 89)| |(25, 15, 17)| |(148, 61, 46)|
|(217, 214, 219)| |(246, 245, 245)| |(58, 54, 55)| |(131, 123, 127)| |(177, 171, 175)| |(39, 38, 37)| |(90, 83, 85)| |(27, 26, 25)|
|(180, 178, 201)| |(227, 211, 211)| |(131, 169, 217)| |(22, 28, 39)| |(92, 148, 207)| |(110, 101, 123)| |(38, 48, 72)| |(19, 119, 192)|
|(93, 78, 118)| |(16, 14, 16)| |(49, 39, 54)| |(214, 152, 151)| |(111, 130, 201)| |(148, 157, 218)| |(8, 8, 8)| |(6, 5, 4)|
|(251, 214, 179)| |(222, 143, 84)| |(168, 92, 49)| |(109, 58, 33)| |(15, 14, 14)| |(56, 33, 23)| |(26, 19, 17)| |(0, 0, 0)|
|(152, 154, 169)| |(175, 177, 193)| |(72, 51, 41)| |(92, 122, 143)| |(96, 75, 69)| |(204, 211, 224)| |(128, 137, 153)| |(126, 105, 100)|
|(23, 30, 45)| |(65, 84, 132)| |(116, 147, 208)| |(65, 82, 36)| |(163, 172, 216)| |(207, 204, 229)| |(244, 233, 238)| |(43, 65, 47)|
|(146, 141, 144)| |(36, 32, 30)| |(206, 158, 107)| |(176, 129, 82)| |(130, 99, 72)| |(250, 250, 249)| |(204, 203, 205)| |(87, 67, 52)|
|(15, 21, 45)| |(3, 7, 20)| |(44, 73, 139)| |(97, 143, 207)| |(146, 169, 211)| |(14, 37, 89)| |(100, 55, 55)| |(210, 138, 110)|
|(74, 45, 40)| |(113, 70, 62)| |(207, 173, 165)| |(108, 114, 122)| |(34, 25, 25)| |(177, 132, 121)| |(149, 97, 87)| |(243, 232, 229)|
|(45, 30, 27)| |(197, 107, 55)| |(107, 56, 35)| |(23, 21, 25)| |(179, 181, 201)| |(44, 50, 74)| |(110, 118, 148)| |(12, 11, 13)|
|(66, 56, 39)| |(250, 248, 248)| |(223, 206, 187)| |(108, 88, 59)| |(156, 128, 89)| |(36, 32, 25)| |(198, 169, 132)| |(18, 19, 15)|
|(37, 29, 26)| |(60, 45, 39)| |(127, 97, 89)| |(210, 205, 208)| |(92, 67, 59)| |(143, 132, 135)| |(250, 248, 247)| |(175, 166, 170)|
|(229, 220, 222)| |(5, 5, 5)| |(57, 43, 45)| |(158, 125, 145)| |(92, 73, 97)| |(35, 28, 28)| |(22, 18, 18)| |(13, 11, 11)|
|(161, 152, 158)| |(204, 199, 207)| |(106, 76, 63)| |(189, 114, 73)| |(35, 31, 27)| |(120, 107, 109)| |(66, 53, 47)| |(252, 251, 253)|
|(212, 205, 212)| |(33, 31, 21)| |(57, 50, 31)| |(19, 18, 15)| |(14, 14, 14)| |(16, 16, 14)| |(110, 107, 80)| |(23, 22, 17)|
|(3, 100, 159)| |(245, 183, 185)| |(53, 116, 174)| |(194, 143, 175)| |(244, 140, 139)| |(143, 110, 161)| |(245, 220, 222)| |(102, 142, 191)|
|(79, 50, 57)| |(39, 21, 25)| |(7, 3, 4)| |(187, 150, 159)| |(14, 8, 11)| |(236, 224, 231)| |(128, 90, 99)| |(9, 5, 7)|
|(4, 4, 3)| |(0, 3, 0)| |(9, 12, 7)| |(0, 0, 0)| |(100, 163, 83)| |(21, 36, 17)| |(3, 0, 1)| |(33, 96, 36)|
|(111, 134, 168)| |(217, 206, 214)| |(161, 159, 179)| |(39, 91, 137)| |(75, 115, 156)| |(74, 65, 55)| |(1, 1, 1)| |(12, 65, 109)|
|(174, 191, 225)| |(202, 209, 233)| |(204, 176, 182)| |(110, 145, 207)| |(230, 229, 242)| |(150, 173, 218)| |(226, 205, 213)| |(105, 88, 100)|
|(15, 20, 25)| |(49, 57, 70)| |(71, 77, 92)| |(138, 132, 144)| |(5, 7, 8)| |(29, 37, 47)| |(98, 103, 116)| |(175, 172, 178)|
|(210, 156, 99)| |(216, 203, 200)| |(53, 65, 86)| |(161, 99, 47)| |(69, 39, 24)| |(20, 17, 21)| |(108, 67, 43)| |(122, 120, 136)|
|(248, 182, 117)| |(244, 174, 47)| |(204, 139, 85)| |(81, 56, 41)| |(161, 126, 109)| |(248, 213, 184)| |(198, 166, 149)| |(129, 92, 70)|
|(90, 88, 108)| |(228, 212, 205)| |(88, 62, 38)| |(17, 11, 8)| |(167, 107, 50)| |(228, 168, 94)| |(44, 32, 26)| |(149, 142, 161)|
|(183, 158, 197)| |(212, 149, 159)| |(87, 74, 128)| |(245, 228, 229)| |(152, 117, 163)| |(9, 9, 10)| |(41, 37, 47)| |(238, 191, 192)|
|(100, 97, 105)| |(152, 124, 127)| |(26, 21, 22)| |(73, 53, 54)| |(245, 247, 250)| |(210, 208, 215)| |(181, 164, 170)| |(127, 87, 84)|
|(73, 56, 43)| |(32, 27, 22)| |(154, 123, 103)| |(119, 95, 77)| |(163, 162, 170)| |(231, 208, 199)| |(109, 127, 141)| |(215, 162, 129)|
|(113, 129, 178)| |(180, 183, 215)| |(80, 93, 142)| |(208, 205, 226)| |(19, 26, 45)| |(233, 227, 237)| |(47, 58, 98)| |(147, 160, 202)|
|(93, 171, 222)| |(173, 125, 106)| |(236, 225, 234)| |(7, 155, 225)| |(172, 200, 234)| |(218, 170, 170)| |(5, 134, 210)| |(98, 79, 48)|
|(38, 35, 17)| |(161, 132, 88)| |(218, 178, 143)| |(224, 156, 94)| |(78, 71, 39)| |(124, 104, 41)| |(109, 101, 81)| |(236, 216, 204)|
|(237, 239, 245)| |(193, 194, 201)| |(101, 96, 82)| |(81, 75, 63)| |(60, 48, 42)| |(144, 136, 128)| |(171, 160, 157)| |(123, 115, 102)|
|(126, 146, 161)| |(72, 95, 108)| |(162, 124, 121)| |(212, 211, 218)| |(127, 83, 75)| |(55, 42, 40)| |(249, 250, 252)| |(185, 168, 174)|
|(204, 177, 161)| |(36, 31, 22)| |(90, 86, 51)| |(221, 135, 61)| |(69, 51, 30)| |(124, 66, 33)| |(148, 124, 79)| |(178, 85, 39)|
|(243, 52, 22)| |(138, 89, 80)| |(231, 205, 201)| |(59, 36, 36)| |(247, 245, 248)| |(245, 127, 60)| |(249, 172, 119)| |(179, 153, 159)|
|(66, 50, 62)| |(17, 14, 21)| |(46, 34, 46)| |(219, 216, 220)| |(0, 0, 0)| |(147, 127, 133)| |(33, 23, 31)| |(96, 77, 86)|
|(189, 163, 181)| |(164, 146, 171)| |(62, 68, 116)| |(138, 122, 152)| |(35, 38, 63)| |(220, 200, 207)| |(207, 181, 194)| |(96, 98, 146)|
|(163, 103, 53)| |(156, 143, 136)| |(103, 80, 62)| |(19, 17, 18)| |(217, 208, 205)| |(65, 50, 40)| |(36, 30, 29)| |(224, 150, 83)|
|(200, 150, 154)| |(23, 21, 28)| |(103, 18, 22)| |(13, 11, 13)| |(241, 220, 224)| |(114, 83, 89)| |(32, 37, 52)| |(220, 51, 49)|
|(159, 95, 51)| |(176, 195, 104)| |(209, 130, 50)| |(225, 189, 145)| |(187, 138, 109)| |(239, 169, 70)| |(98, 77, 64)| |(40, 31, 27)|
|(161, 160, 189)| |(69, 68, 91)| |(249, 248, 251)| |(27, 24, 28)| |(100, 102, 133)| |(212, 217, 237)| |(186, 191, 219)| |(126, 134, 169)|
|(176, 7, 13)| |(216, 85, 36)| |(101, 15, 7)| |(247, 142, 54)| |(218, 17, 24)| |(237, 116, 39)| |(237, 171, 122)| |(172, 60, 26)|
|(41, 42, 46)| |(190, 209, 223)| |(225, 234, 239)| |(194, 159, 146)| |(109, 109, 114)| |(168, 192, 210)| |(127, 149, 165)| |(69, 74, 82)|
|(88, 87, 75)| |(41, 44, 33)| |(29, 33, 24)| |(13, 16, 11)| |(197, 191, 191)| |(57, 60, 47)| |(143, 130, 122)| |(21, 25, 18)|
|(178, 213, 248)| |(101, 92, 88)| |(104, 178, 247)| |(210, 223, 243)| |(164, 148, 147)| |(44, 47, 44)| |(137, 195, 248)| |(50, 81, 152)|
|(155, 160, 178)| |(80, 80, 92)| |(196, 203, 215)| |(116, 120, 138)| |(237, 238, 241)| |(38, 35, 27)| |(50, 46, 49)| |(27, 24, 18)|
|(52, 63, 63)| |(93, 105, 105)| |(192, 200, 203)| |(211, 221, 227)| |(134, 143, 142)| |(231, 235, 239)| |(167, 174, 175)| |(250, 250, 252)|
|(236, 229, 229)| |(21, 15, 13)| |(155, 135, 134)| |(34, 23, 20)| |(112, 85, 80)| |(53, 34, 28)| |(197, 188, 190)| |(82, 52, 42)|
|(119, 61, 34)| |(87, 103, 116)| |(41, 64, 76)| |(169, 181, 194)| |(238, 239, 245)| |(105, 176, 210)| |(68, 131, 164)| |(27, 26, 24)|
|(126, 152, 176)| |(25, 54, 74)| |(9, 7, 4)| |(179, 188, 203)| |(32, 82, 113)| |(235, 233, 235)| |(17, 23, 28)| |(101, 86, 79)|
|(179, 182, 185)| |(118, 132, 133)| |(34, 33, 32)| |(237, 236, 239)| |(72, 92, 95)| |(78, 69, 50)| |(46, 48, 27)| |(50, 52, 51)|
|(16, 19, 18)| |(187, 202, 212)| |(118, 162, 178)| |(164, 113, 80)| |(37, 87, 93)| |(227, 233, 240)| |(90, 59, 40)| |(65, 128, 145)|
|(36, 31, 32)| |(229, 226, 229)| |(228, 218, 217)| |(238, 235, 233)| |(215, 199, 197)| |(208, 203, 214)| |(89, 74, 74)| |(180, 172, 187)|
|(235, 233, 233)| |(42, 51, 52)| |(132, 139, 143)| |(15, 20, 20)| |(182, 180, 179)| |(244, 244, 244)| |(87, 94, 96)| |(214, 213, 214)|
|(244, 239, 238)| |(30, 29, 30)| |(154, 170, 189)| |(215, 209, 214)| |(20, 20, 21)| |(44, 43, 43)| |(66, 65, 65)| |(84, 92, 108)|
|(193, 202, 215)| |(44, 31, 26)| |(54, 90, 121)| |(107, 131, 151)| |(160, 176, 194)| |(96, 66, 52)| |(24, 45, 62)| |(228, 227, 228)|
|(230, 237, 251)| |(25, 48, 96)| |(9, 13, 25)| |(58, 96, 166)| |(246, 248, 254)| |(121, 154, 213)| |(195, 211, 243)| |(4, 4, 5)|
|(197, 215, 236)| |(2, 2, 3)| |(23, 45, 77)| |(0, 0, 0)| |(0, 0, 0)| |(71, 114, 164)| |(243, 247, 252)| |(0, 0, 0)|
|(241, 190, 175)| |(131, 193, 220)| |(199, 129, 118)| |(182, 208, 225)| |(216, 220, 228)| |(108, 70, 67)| |(11, 7, 7)| |(246, 234, 231)|
|(235, 213, 213)| |(123, 115, 110)| |(85, 85, 79)| |(168, 220, 248)| |(10, 19, 23)| |(35, 58, 57)| |(172, 148, 142)| |(33, 102, 107)|
|(155, 124, 115)| |(235, 236, 247)| |(75, 68, 56)| |(33, 33, 27)| |(166, 175, 210)| |(120, 98, 83)| |(191, 154, 146)| |(203, 208, 233)|
|(245, 249, 252)| |(103, 118, 154)| |(146, 165, 194)| |(243, 248, 252)| |(217, 229, 241)| |(0, 0, 0)| |(184, 201, 222)| |(240, 247, 250)|
|(66, 145, 239)| |(54, 80, 104)| |(38, 44, 48)| |(222, 209, 203)| |(100, 103, 88)| |(168, 157, 143)| |(196, 183, 174)| |(139, 133, 110)|
|(157, 133, 130)| |(14, 16, 17)| |(30, 33, 37)| |(59, 56, 66)| |(246, 241, 238)| |(13, 14, 14)| |(96, 86, 94)| |(16, 20, 22)|
|(53, 45, 51)| |(104, 78, 68)| |(157, 198, 244)| |(220, 196, 194)| |(161, 129, 119)| |(66, 160, 240)| |(21, 19, 23)| |(64, 77, 117)|
|(169, 158, 193)| |(131, 137, 176)| |(62, 71, 57)| |(196, 184, 208)| |(247, 248, 251)| |(100, 108, 108)| |(242, 243, 248)| |(28, 39, 30)|
|(148, 140, 60)| |(165, 173, 121)| |(25, 26, 8)| |(81, 81, 31)| |(209, 213, 192)| |(100, 111, 32)| |(51, 57, 16)| |(108, 133, 76)|
|(59, 79, 89)| |(192, 206, 226)| |(156, 135, 134)| |(109, 105, 107)| |(224, 233, 245)| |(169, 171, 180)| |(22, 38, 54)| |(100, 134, 146)|
|(92, 75, 69)| |(215, 233, 240)| |(237, 241, 244)| |(192, 222, 233)| |(61, 41, 34)| |(150, 132, 127)| |(44, 32, 26)| |(22, 21, 15)|
|(186, 213, 243)| |(96, 116, 119)| |(212, 231, 251)| |(77, 89, 79)| |(68, 73, 47)| |(24, 25, 22)| |(129, 153, 163)| |(42, 46, 38)|
|(45, 45, 51)| |(186, 190, 200)| |(158, 128, 105)| |(217, 232, 249)| |(31, 32, 37)| |(0, 0, 0)| |(87, 74, 62)| |(235, 242, 250)|
|(53, 86, 112)| |(250, 250, 250)| |(100, 98, 54)| |(50, 59, 52)| |(119, 145, 173)| |(215, 221, 228)| |(29, 29, 21)| |(239, 240, 242)|
|(194, 223, 234)| |(245, 183, 172)| |(213, 233, 240)| |(103, 52, 44)| |(223, 125, 107)| |(43, 21, 19)| |(167, 88, 76)| |(241, 240, 242)|
|(69, 68, 51)| |(41, 54, 82)| |(239, 228, 226)| |(98, 99, 114)| |(9, 15, 19)| |(23, 30, 30)| |(40, 45, 40)| |(176, 159, 161)|
|(163, 131, 108)| |(85, 70, 51)| |(62, 63, 66)| |(18, 24, 32)| |(42, 41, 38)| |(119, 97, 77)| |(7, 7, 7)| |(14, 14, 13)|
|(126, 189, 239)| |(228, 210, 202)| |(77, 72, 65)| |(169, 132, 118)| |(116, 105, 93)| |(178, 212, 244)| |(191, 167, 159)| |(33, 37, 42)|
|(173, 178, 188)| |(133, 132, 144)| |(39, 52, 40)| |(83, 89, 73)| |(109, 109, 95)| |(18, 21, 21)| |(60, 73, 55)| |(223, 230, 241)|
|(24, 30, 24)| |(33, 67, 82)| |(157, 143, 91)| |(80, 93, 55)| |(233, 236, 243)| |(67, 110, 129)| |(152, 163, 174)| |(31, 49, 48)|
|(237, 239, 243)| |(46, 35, 17)| |(216, 227, 239)| |(16, 16, 10)| |(250, 247, 245)| |(88, 73, 50)| |(7, 8, 6)| |(155, 145, 142)|
|(177, 163, 145)| |(64, 96, 54)| |(207, 221, 226)| |(236, 244, 247)| |(66, 64, 44)| |(33, 43, 33)| |(117, 112, 83)| |(13, 18, 19)|
|(44, 41, 29)| |(244, 208, 190)| |(17, 14, 11)| |(118, 111, 75)| |(160, 146, 104)| |(79, 74, 49)| |(199, 178, 146)| |(247, 233, 226)|
|(230, 232, 238)| |(15, 43, 76)| |(194, 201, 216)| |(116, 142, 173)| |(155, 171, 194)| |(57, 89, 125)| |(88, 118, 153)| |(0, 2, 12)|
|(70, 41, 37)| |(105, 64, 55)| |(144, 96, 86)| |(28, 15, 13)| |(244, 221, 193)| |(208, 152, 131)| |(11, 6, 5)| |(44, 26, 23)|
|(52, 67, 98)| |(225, 227, 236)| |(249, 249, 251)| |(203, 208, 224)| |(101, 115, 148)| |(143, 155, 183)| |(241, 242, 247)| |(176, 185, 207)|
|(206, 208, 211)| |(66, 77, 87)| |(163, 164, 170)| |(29, 32, 32)| |(105, 118, 129)| |(234, 231, 231)| |(43, 49, 53)| |(21, 23, 23)|
|(198, 133, 124)| |(15, 21, 23)| |(36, 54, 57)| |(229, 177, 165)| |(139, 102, 105)| |(61, 76, 86)| |(26, 38, 41)| |(97, 55, 53)|
|(3, 2, 3)| |(174, 149, 147)| |(1, 0, 0)| |(113, 91, 88)| |(0, 0, 0)| |(49, 35, 33)| |(228, 218, 217)| |(9, 5, 4)|
|(220, 212, 220)| |(188, 179, 197)| |(244, 235, 234)| |(151, 145, 171)| |(249, 241, 239)| |(236, 227, 229)| |(110, 107, 134)| |(228, 220, 225)|
|(149, 122, 127)| |(141, 82, 71)| |(102, 57, 50)| |(106, 82, 86)| |(181, 114, 99)| |(197, 172, 171)| |(21, 19, 18)| |(60, 41, 40)|
|(60, 56, 52)| |(100, 106, 110)| |(136, 106, 96)| |(70, 81, 82)| |(24, 23, 21)| |(97, 83, 75)| |(176, 190, 212)| |(172, 138, 128)|
|(58, 63, 59)| |(29, 26, 24)| |(105, 110, 114)| |(170, 189, 213)| |(177, 135, 126)| |(90, 70, 63)| |(87, 90, 85)| |(137, 102, 92)|
|(112, 77, 74)| |(170, 131, 119)| |(13, 9, 11)| |(206, 227, 244)| |(52, 37, 38)| |(230, 187, 165)| |(4, 211, 197)| |(244, 229, 224)|
|(28, 24, 24)| |(84, 82, 77)| |(104, 120, 116)| |(184, 126, 104)| |(80, 47, 44)| |(39, 44, 46)| |(228, 212, 202)| |(12, 11, 11)|
|(17, 18, 22)| |(155, 147, 159)| |(21, 22, 25)| |(95, 92, 107)| |(28, 28, 32)| |(61, 57, 67)| |(215, 207, 213)| |(40, 39, 44)|
|(129, 154, 136)| |(205, 141, 123)| |(85, 140, 188)| |(181, 191, 192)| |(140, 174, 208)| |(219, 213, 218)| |(132, 86, 77)| |(64, 102, 94)|
|(197, 190, 193)| |(99, 119, 142)| |(55, 81, 104)| |(228, 115, 62)| |(153, 158, 172)| |(58, 29, 25)| |(236, 236, 241)| |(215, 219, 226)|
|(242, 236, 239)| |(234, 84, 65)| |(94, 74, 69)| |(27, 36, 35)| |(192, 214, 228)| |(51, 196, 178)| |(152, 121, 120)| |(221, 180, 179)|
|(41, 39, 44)| |(226, 220, 225)| |(108, 103, 118)| |(65, 62, 72)| |(14, 14, 16)| |(169, 162, 172)| |(20, 20, 22)| |(30, 28, 30)|
|(212, 182, 200)| |(33, 34, 32)| |(97, 95, 90)| |(17, 17, 20)| |(166, 138, 149)| |(229, 221, 235)| |(63, 61, 53)| |(205, 96, 63)|
|(158, 54, 29)| |(158, 125, 119)| |(103, 75, 71)| |(55, 32, 30)| |(215, 114, 47)| |(98, 33, 18)| |(220, 209, 207)| |(22, 10, 10)|
|(183, 58, 47)| |(197, 175, 180)| |(50, 41, 47)| |(77, 103, 125)| |(227, 236, 245)| |(251, 129, 84)| |(226, 207, 209)| |(143, 136, 149)|
|(8, 8, 8)| |(115, 110, 128)| |(171, 189, 214)| |(17, 16, 18)| |(28, 27, 34)| |(229, 228, 236)| |(57, 55, 67)| |(68, 164, 215)|
|(226, 132, 115)| |(164, 103, 101)| |(176, 213, 235)| |(37, 29, 33)| |(221, 224, 230)| |(220, 174, 169)| |(125, 198, 230)| |(83, 73, 84)|
|(167, 159, 140)| |(44, 28, 29)| |(89, 120, 139)| |(235, 230, 227)| |(161, 110, 97)| |(109, 73, 70)| |(178, 187, 170)| |(197, 205, 195)|
|(42, 29, 31)| |(95, 58, 60)| |(24, 16, 17)| |(170, 101, 99)| |(217, 170, 160)| |(5, 6, 7)| |(12, 9, 10)| |(228, 237, 244)|
|(229, 207, 208)| |(248, 239, 239)| |(54, 49, 53)| |(124, 88, 87)| |(249, 160, 124)| |(134, 46, 34)| |(248, 123, 75)| |(159, 150, 149)|
|(143, 215, 234)| |(158, 218, 235)| |(188, 225, 239)| |(200, 228, 239)| |(179, 223, 238)| |(214, 233, 242)| |(90, 63, 57)| |(170, 220, 236)|
|(167, 205, 233)| |(187, 215, 238)| |(203, 223, 241)| |(69, 69, 77)| |(123, 185, 224)| |(123, 130, 145)| |(146, 195, 229)| |(218, 232, 245)|
|(213, 167, 144)| |(246, 245, 247)| |(21, 16, 17)| |(121, 66, 39)| |(243, 216, 185)| |(161, 127, 114)| |(43, 31, 35)| |(54, 47, 59)|
|(62, 57, 71)| |(238, 237, 240)| |(232, 161, 133)| |(196, 91, 48)| |(195, 184, 188)| |(157, 144, 150)| |(110, 96, 106)| |(28, 24, 29)|
|(245, 231, 222)| |(135, 104, 101)| |(24, 18, 20)| |(5, 22, 66)| |(79, 65, 73)| |(234, 145, 90)| |(219, 184, 164)| |(43, 35, 43)|
|(149, 150, 156)| |(234, 230, 230)| |(206, 225, 233)| |(94, 58, 56)| |(209, 122, 98)| |(19, 11, 11)| |(221, 187, 180)| |(248, 247, 247)|
|(30, 33, 43)| |(200, 202, 222)| |(170, 176, 205)| |(242, 226, 230)| |(14, 14, 17)| |(128, 148, 183)| |(57, 63, 82)| |(91, 103, 133)|
|(178, 151, 150)| |(207, 207, 223)| |(249, 244, 244)| |(216, 181, 177)| |(228, 227, 234)| |(68, 65, 70)| |(130, 114, 118)| |(245, 213, 206)|
|(242, 209, 217)| |(21, 17, 28)| |(206, 124, 133)| |(122, 123, 190)| |(116, 80, 114)| |(42, 31, 51)| |(56, 45, 82)| |(202, 168, 199)|
|(107, 101, 110)| |(160, 147, 156)| |(63, 47, 46)| |(228, 101, 121)| |(87, 65, 67)| |(229, 203, 206)| |(241, 243, 248)| |(19, 27, 34)|
|(157, 135, 127)| |(143, 93, 58)| |(194, 209, 230)| |(68, 67, 72)| |(218, 224, 232)| |(160, 186, 223)| |(176, 199, 232)| |(27, 27, 29)|
|(31, 30, 30)| |(19, 19, 20)| |(43, 42, 42)| |(237, 232, 233)| |(63, 62, 61)| |(83, 90, 105)| |(25, 25, 25)| |(168, 178, 194)|
|(22, 21, 25)| |(42, 38, 42)| |(186, 90, 13)| |(104, 57, 27)| |(70, 64, 73)| |(181, 160, 155)| |(118, 97, 94)| |(12, 12, 14)|
|(115, 105, 142)| |(122, 66, 83)| |(17, 21, 40)| |(35, 37, 64)| |(182, 198, 230)| |(71, 61, 92)| |(165, 150, 178)| |(197, 108, 111)|
|(182, 166, 153)| |(97, 93, 84)| |(196, 225, 238)| |(228, 211, 200)| |(213, 234, 242)| |(189, 220, 237)| |(184, 217, 235)| |(238, 242, 243)|
|(94, 108, 179)| |(40, 30, 49)| |(210, 128, 135)| |(172, 150, 198)| |(122, 79, 110)| |(20, 16, 26)| |(237, 203, 214)| |(56, 44, 80)|
|(14, 20, 25)| |(84, 63, 65)| |(22, 30, 38)| |(62, 46, 45)| |(111, 104, 113)| |(240, 239, 243)| |(210, 83, 103)| |(205, 171, 179)|
|(195, 224, 238)| |(191, 174, 161)| |(128, 120, 109)| |(229, 212, 201)| |(238, 242, 243)| |(212, 234, 242)| |(76, 74, 68)| |(187, 219, 236)|
|(192, 84, 66)| |(20, 143, 132)| |(17, 81, 85)| |(112, 147, 162)| |(86, 49, 45)| |(167, 201, 218)| |(247, 237, 234)| |(241, 191, 169)|
|(232, 224, 217)| |(209, 199, 194)| |(186, 170, 160)| |(61, 58, 66)| |(127, 104, 93)| |(242, 238, 234)| |(19, 18, 23)| |(160, 141, 129)|
|(236, 134, 104)| |(158, 191, 208)| |(45, 36, 42)| |(168, 131, 136)| |(228, 182, 180)| |(171, 74, 70)| |(239, 231, 233)| |(110, 82, 88)|
|(217, 203, 222)| |(232, 228, 239)| |(187, 167, 195)| |(28, 29, 35)| |(212, 19, 51)| |(183, 113, 133)| |(107, 128, 166)| |(94, 73, 91)|
|(14, 14, 14)| |(106, 106, 106)| |(0, 0, 0)| |(177, 177, 177)| |(23, 23, 23)| |(54, 54, 54)| |(239, 239, 239)| |(0, 0, 0)|
|(220, 205, 225)| |(181, 126, 143)| |(199, 170, 192)| |(105, 85, 106)| |(240, 234, 244)| |(227, 26, 51)| |(29, 33, 40)| |(128, 147, 186)|
|(218, 218, 218)| |(18, 18, 18)| |(24, 24, 24)| |(20, 20, 20)| |(0, 0, 0)| |(116, 116, 116)| |(37, 37, 37)| |(76, 76, 76)|
|(173, 171, 177)| |(66, 81, 109)| |(4, 5, 9)| |(231, 229, 227)| |(43, 48, 65)| |(118, 49, 22)| |(186, 126, 72)| |(20, 19, 28)|
|(179, 163, 166)| |(2, 1, 7)| |(12, 7, 11)| |(232, 228, 231)| |(89, 54, 46)| |(51, 29, 25)| |(128, 107, 103)| |(27, 15, 15)|
|(148, 165, 171)| |(7, 7, 10)| |(205, 219, 225)| |(78, 76, 69)| |(107, 117, 116)| |(22, 21, 20)| |(46, 47, 43)| |(1, 1, 6)|
|(117, 80, 60)| |(228, 193, 189)| |(215, 172, 163)| |(235, 210, 209)| |(65, 35, 25)| |(245, 233, 233)| |(171, 124, 103)| |(16, 7, 10)|
|(91, 72, 77)| |(239, 237, 241)| |(118, 106, 116)| |(74, 53, 52)| |(205, 152, 162)| |(54, 42, 41)| |(14, 20, 25)| |(21, 30, 38)|
|(191, 152, 147)| |(20, 7, 11)| |(139, 96, 90)| |(208, 183, 183)| |(217, 201, 201)| |(200, 167, 164)| |(124, 12, 13)| |(71, 52, 49)|
|(20, 20, 20)| |(50, 50, 59)| |(243, 241, 246)| |(13, 15, 14)| |(29, 31, 32)| |(194, 154, 157)| |(95, 100, 145)| |(45, 62, 101)|
|(91, 71, 74)| |(234, 241, 246)| |(243, 243, 245)| |(204, 195, 205)| |(139, 113, 117)| |(252, 249, 249)| |(171, 155, 165)| |(235, 223, 227)|
|(167, 161, 183)| |(243, 209, 201)| |(200, 160, 156)| |(205, 195, 209)| |(245, 240, 240)| |(45, 45, 24)| |(146, 117, 127)| |(99, 73, 34)|
|(113, 99, 83)| |(220, 231, 239)| |(242, 242, 246)| |(76, 78, 51)| |(25, 28, 20)| |(173, 153, 61)| |(49, 54, 36)| |(165, 143, 141)|
|(81, 50, 38)| |(235, 177, 162)| |(192, 123, 102)| |(132, 78, 61)| |(22, 17, 16)| |(16, 14, 14)| |(31, 21, 19)| |(53, 32, 27)|
|(43, 58, 27)| |(21, 23, 17)| |(178, 170, 128)| |(33, 35, 22)| |(86, 84, 51)| |(65, 54, 37)| |(126, 118, 77)| |(232, 226, 213)|
|(125, 85, 80)| |(70, 63, 69)| |(231, 221, 218)| |(150, 127, 126)| |(203, 123, 108)| |(38, 30, 30)| |(206, 179, 174)| |(250, 247, 247)|
|(163, 130, 165)| |(139, 100, 119)| |(63, 48, 63)| |(94, 32, 45)| |(219, 215, 238)| |(38, 30, 37)| |(97, 74, 99)| |(124, 47, 69)|
|(117, 112, 122)| |(167, 206, 229)| |(31, 33, 39)| |(69, 68, 78)| |(160, 152, 159)| |(247, 246, 247)| |(192, 182, 187)| |(233, 215, 211)|
|(22, 21, 24)| |(250, 241, 228)| |(211, 180, 153)| |(127, 102, 93)| |(160, 138, 129)| |(93, 71, 65)| |(178, 134, 100)| |(51, 45, 52)|
|(29, 23, 26)| |(18, 15, 15)| |(153, 122, 137)| |(76, 52, 61)| |(48, 36, 42)| |(113, 78, 86)| |(205, 168, 176)| |(174, 98, 90)|
|(199, 189, 213)| |(81, 50, 71)| |(126, 97, 130)| |(234, 81, 82)| |(240, 241, 250)| |(188, 5, 15)| |(32, 18, 25)| |(139, 137, 182)|
|(145, 114, 127)| |(27, 27, 33)| |(18, 18, 21)| |(185, 164, 169)| |(89, 74, 85)| |(50, 44, 53)| |(215, 208, 213)| |(247, 247, 249)|
|(46, 44, 49)| |(129, 119, 123)| |(237, 235, 237)| |(211, 184, 175)| |(225, 206, 198)| |(171, 204, 227)| |(167, 153, 154)| |(91, 83, 88)|
|(44, 28, 30)| |(193, 178, 205)| |(151, 67, 61)| |(89, 136, 196)| |(53, 53, 74)| |(24, 19, 20)| |(224, 116, 103)| |(84, 41, 39)|
|(180, 158, 153)| |(73, 59, 59)| |(42, 37, 41)| |(175, 85, 14)| |(22, 22, 26)| |(113, 93, 91)| |(14, 14, 16)| |(10, 10, 12)|
|(195, 103, 105)| |(161, 181, 221)| |(84, 59, 85)| |(113, 98, 133)| |(27, 30, 54)| |(182, 196, 228)| |(208, 216, 237)| |(151, 137, 167)|
|(215, 191, 191)| |(157, 139, 153)| |(94, 77, 96)| |(54, 46, 62)| |(194, 228, 248)| |(232, 241, 248)| |(235, 219, 219)| |(127, 107, 125)|
|(24, 23, 21)| |(111, 92, 86)| |(176, 149, 143)| |(235, 236, 242)| |(242, 242, 246)| |(206, 207, 216)| |(226, 228, 236)| |(17, 16, 16)|
|(24, 31, 51)| |(196, 190, 206)| |(79, 68, 78)| |(218, 218, 229)| |(119, 106, 119)| |(216, 52, 77)| |(14, 139, 172)| |(167, 148, 168)|
|(32, 35, 37)| |(241, 226, 224)| |(236, 144, 114)| |(132, 58, 42)| |(204, 96, 69)| |(81, 83, 86)| |(168, 184, 204)| |(108, 135, 159)|
|(163, 191, 229)| |(158, 140, 136)| |(216, 222, 231)| |(19, 20, 22)| |(188, 206, 232)| |(152, 100, 61)| |(43, 46, 52)| |(88, 76, 74)|
|(94, 84, 88)| |(223, 218, 220)| |(179, 188, 208)| |(204, 148, 119)| |(141, 153, 179)| |(156, 99, 76)| |(64, 48, 47)| |(120, 133, 158)|
|(213, 222, 234)| |(186, 208, 230)| |(140, 109, 93)| |(172, 144, 131)| |(57, 51, 39)| |(147, 186, 223)| |(236, 233, 237)| |(110, 164, 214)|
|(46, 48, 58)| |(12, 12, 12)| |(238, 233, 234)| |(8, 9, 8)| |(23, 24, 26)| |(216, 214, 223)| |(204, 201, 211)| |(112, 110, 124)|
|(87, 87, 87)| |(173, 173, 173)| |(250, 250, 250)| |(46, 46, 46)| |(0, 0, 0)| |(0, 0, 0)| |(0, 0, 0)| |(0, 0, 0)|
|(223, 212, 215)| |(228, 188, 172)| |(165, 102, 78)| |(19, 14, 13)| |(107, 60, 48)| |(205, 145, 120)| |(243, 244, 251)| |(239, 230, 230)|
|(230, 235, 240)| |(122, 111, 121)| |(224, 200, 200)| |(88, 217, 241)| |(168, 228, 244)| |(1, 211, 244)| |(204, 165, 162)| |(245, 102, 82)|
|(228, 234, 243)| |(234, 238, 246)| |(204, 212, 229)| |(34, 43, 61)| |(106, 135, 176)| |(74, 99, 137)| |(148, 165, 198)| |(180, 191, 216)|
|(24, 22, 28)| |(72, 67, 87)| |(218, 213, 226)| |(207, 180, 184)| |(145, 162, 206)| |(242, 244, 250)| |(104, 117, 163)| |(163, 123, 125)|
|(238, 151, 154)| |(114, 109, 128)| |(211, 93, 98)| |(234, 195, 200)| |(229, 224, 231)| |(43, 43, 58)| |(182, 167, 181)| |(251, 250, 251)|
|(17, 18, 24)| |(41, 41, 51)| |(244, 247, 252)| |(202, 211, 227)| |(232, 240, 249)| |(69, 65, 70)| |(97, 94, 103)| |(156, 163, 180)|
|(33, 29, 35)| |(242, 198, 191)| |(144, 69, 60)| |(104, 89, 127)| |(199, 103, 84)| |(223, 146, 135)| |(47, 38, 50)| |(71, 51, 73)|
|(215, 173, 180)| |(170, 142, 160)| |(249, 249, 252)| |(178, 101, 97)| |(83, 43, 46)| |(31, 14, 16)| |(99, 95, 122)| |(215, 205, 220)|
|(175, 191, 210)| |(114, 107, 118)| |(30, 32, 39)| |(75, 73, 85)| |(229, 227, 230)| |(48, 50, 61)| |(157, 149, 159)| |(199, 217, 233)|
|(114, 172, 223)| |(163, 184, 219)| |(33, 30, 30)| |(205, 201, 217)| |(169, 147, 154)| |(95, 85, 94)| |(245, 233, 232)| |(128, 174, 222)|
|(189, 197, 213)| |(62, 72, 82)| |(114, 110, 120)| |(87, 91, 102)| |(133, 150, 180)| |(40, 50, 59)| |(126, 130, 151)| |(158, 170, 195)|
|(103, 85, 91)| |(15, 15, 15)| |(0, 0, 0)| |(21, 20, 21)| |(33, 29, 31)| |(61, 50, 54)| |(233, 222, 223)| |(161, 141, 148)|
|(200, 190, 203)| |(125, 108, 112)| |(241, 239, 244)| |(49, 39, 32)| |(164, 149, 161)| |(87, 69, 66)| |(229, 226, 234)| |(247, 246, 250)|
|(206, 202, 218)| |(112, 104, 130)| |(26, 30, 44)| |(14, 13, 10)| |(58, 60, 83)| |(17, 18, 24)| |(175, 151, 171)| |(16, 15, 14)|
|(118, 137, 165)| |(73, 90, 118)| |(181, 192, 211)| |(19, 20, 22)| |(52, 61, 80)| |(25, 26, 31)| |(36, 40, 50)| |(224, 231, 240)|
|(48, 39, 52)| |(170, 75, 69)| |(117, 142, 196)| |(64, 61, 89)| |(82, 101, 155)| |(32, 30, 38)| |(24, 24, 29)| |(210, 218, 239)|
|(205, 197, 203)| |(152, 202, 230)| |(30, 29, 32)| |(244, 242, 243)| |(64, 65, 73)| |(165, 161, 171)| |(184, 215, 234)| |(117, 118, 131)|
|(35, 30, 38)| |(82, 52, 61)| |(210, 218, 237)| |(97, 129, 191)| |(142, 91, 100)| |(199, 146, 150)| |(0, 0, 0)| |(28, 53, 108)|
|(28, 26, 26)| |(209, 215, 228)| |(127, 127, 146)| |(166, 172, 190)| |(190, 198, 214)| |(78, 78, 92)| |(229, 231, 238)| |(248, 246, 246)|
|(19, 19, 19)| |(52, 51, 54)| |(129, 130, 146)| |(36, 35, 35)| |(81, 82, 93)| |(25, 25, 25)| |(190, 188, 199)| |(243, 244, 247)|
|(86, 90, 111)| |(54, 57, 71)| |(34, 36, 45)| |(224, 228, 239)| |(15, 15, 18)| |(187, 187, 200)| |(23, 23, 28)| |(128, 131, 151)|
|(206, 201, 206)| |(31, 32, 35)| |(172, 168, 178)| |(166, 203, 228)| |(200, 219, 234)| |(127, 130, 144)| |(245, 243, 244)| |(74, 78, 89)|
|(216, 175, 183)| |(89, 40, 33)| |(147, 66, 60)| |(45, 23, 20)| |(206, 114, 104)| |(178, 84, 76)| |(157, 68, 90)| |(121, 53, 48)|
|(177, 200, 223)| |(97, 115, 145)| |(161, 189, 215)| |(26, 32, 44)| |(197, 213, 230)| |(58, 70, 94)| |(223, 224, 232)| |(143, 157, 184)|
|(101, 85, 93)| |(172, 160, 179)| |(130, 111, 123)| |(211, 218, 238)| |(41, 37, 53)| |(234, 236, 246)| |(68, 61, 81)| |(239, 209, 201)|
|(78, 61, 60)| |(218, 201, 201)| |(115, 100, 108)| |(157, 135, 139)| |(196, 164, 160)| |(29, 25, 25)| |(179, 181, 196)| |(216, 224, 232)|
|(74, 64, 71)| |(103, 87, 97)| |(238, 209, 201)| |(189, 164, 169)| |(216, 223, 240)| |(146, 123, 134)| |(238, 239, 247)| |(31, 27, 36)|
|(187, 130, 126)| |(241, 216, 213)| |(135, 178, 209)| |(163, 192, 216)| |(56, 61, 79)| |(24, 26, 32)| |(144, 186, 214)| |(98, 106, 131)|
|(186, 199, 219)| |(207, 217, 231)| |(160, 176, 201)| |(47, 51, 62)| |(119, 130, 153)| |(228, 233, 241)| |(246, 247, 250)| |(77, 83, 101)|
|(230, 236, 248)| |(172, 110, 77)| |(209, 207, 218)| |(179, 181, 201)| |(77, 59, 48)| |(27, 21, 16)| |(182, 152, 138)| |(250, 250, 252)|
|(149, 148, 170)| |(232, 232, 240)| |(87, 90, 112)| |(213, 210, 224)| |(25, 24, 22)| |(52, 55, 71)| |(113, 123, 152)| |(177, 177, 199)|
|(177, 183, 191)| |(150, 166, 181)| |(19, 32, 45)| |(233, 212, 202)| |(35, 53, 71)| |(122, 147, 167)| |(100, 130, 155)| |(66, 88, 110)|
|(199, 212, 225)| |(195, 182, 187)| |(170, 147, 149)| |(123, 108, 115)| |(26, 24, 24)| |(85, 68, 67)| |(239, 227, 225)| |(46, 39, 39)|
|(184, 201, 219)| |(204, 185, 196)| |(231, 233, 240)| |(165, 178, 198)| |(197, 214, 229)| |(84, 107, 132)| |(134, 148, 171)| |(214, 224, 236)|
|(24, 23, 24)| |(124, 114, 119)| |(209, 198, 201)| |(206, 226, 238)| |(245, 243, 244)| |(73, 72, 79)| |(42, 40, 44)| |(173, 162, 168)|
|(111, 121, 147)| |(219, 223, 236)| |(247, 248, 252)| |(154, 162, 186)| |(72, 82, 108)| |(0, 0, 0)| |(236, 239, 247)| |(193, 199, 217)|
|(14, 14, 15)| |(99, 102, 123)| |(50, 64, 85)| |(229, 204, 202)| |(163, 194, 216)| |(23, 26, 32)| |(0, 0, 0)| |(132, 178, 208)|
|(250, 236, 232)| |(225, 112, 83)| |(185, 76, 56)| |(251, 197, 176)| |(238, 138, 113)| |(70, 27, 23)| |(124, 46, 36)| |(252, 171, 140)|
|(214, 220, 226)| |(241, 90, 36)| |(233, 164, 146)| |(236, 125, 86)| |(150, 159, 180)| |(173, 67, 53)| |(37, 93, 108)| |(62, 33, 36)|
|(230, 234, 240)| |(169, 183, 198)| |(220, 243, 249)| |(68, 75, 86)| |(118, 156, 178)| |(101, 116, 133)| |(202, 217, 229)| |(230, 245, 251)|
|(148, 151, 171)| |(12, 17, 31)| |(24, 44, 78)| |(85, 86, 115)| |(69, 47, 59)| |(218, 218, 222)| |(160, 91, 89)| |(219, 150, 136)|
|(110, 50, 52)| |(64, 28, 29)| |(185, 189, 199)| |(242, 243, 248)| |(12, 11, 13)| |(111, 129, 146)| |(38, 60, 75)| |(34, 21, 22)|
|(83, 84, 100)| |(118, 125, 143)| |(47, 54, 65)| |(248, 249, 251)| |(17, 22, 27)| |(160, 170, 186)| |(199, 205, 217)| |(228, 231, 238)|
|(54, 89, 117)| |(157, 197, 218)| |(81, 125, 157)| |(203, 155, 159)| |(105, 166, 195)| |(237, 238, 241)| |(34, 42, 57)| |(158, 58, 70)|
|(135, 133, 155)| |(161, 64, 53)| |(52, 60, 84)| |(213, 203, 213)| |(173, 169, 187)| |(23, 27, 39)| |(243, 247, 251)| |(85, 98, 128)|
|(87, 59, 74)| |(129, 157, 202)| |(57, 76, 116)| |(156, 105, 121)| |(38, 49, 74)| |(19, 23, 34)| |(94, 114, 160)| |(197, 200, 223)|
|(15, 15, 15)| |(6, 6, 6)| |(151, 151, 151)| |(37, 37, 37)| |(82, 82, 82)| |(2, 2, 2)| |(242, 242, 242)| |(3, 3, 3)|
