(40, 43, 43)|(88, 143, 216)|0
(40, 43, 43)|(24, 156, 206)|0
(40, 43, 43)|(51, 30, 105)|0
(40, 43, 43)|(111, 182, 92)|1
(40, 43, 43)|(180, 227, 144)|0
(40, 43, 43)|(139, 121, 32)|0
(40, 43, 43)|(53, 123, 22)|0
(40, 43, 43)|(164, 110, 124)|1
(213, 193, 192)|(250, 75, 158)|0
(213, 193, 192)|(180, 76, 5)|0
(213, 193, 192)|(36, 108, 20)|1
(213, 193, 192)|(191, 222, 55)|0
(213, 193, 192)|(163, 56, 157)|0
(213, 193, 192)|(23, 5, 153)|0
(213, 193, 192)|(234, 189, 100)|0
(213, 193, 192)|(222, 84, 252)|1
(39, 42, 42)|(35, 132, 119)|0
(39, 42, 42)|(229, 110, 67)|0
(39, 42, 42)|(241, 226, 196)|1
(39, 42, 42)|(249, 14, 228)|1
(39, 42, 42)|(240, 221, 135)|0
(39, 42, 42)|(39, 8, 13)|1
(39, 42, 42)|(247, 7, 195)|0
(39, 42, 42)|(178, 224, 146)|0
(213, 193, 192)|(155, 110, 225)|1
(213, 193, 192)|(115, 52, 69)|1
(213, 193, 192)|(85, 160, 225)|1
(213, 193, 192)|(23, 144, 156)|0
(213, 193, 192)|(220, 201, 151)|1
(213, 193, 192)|(12, 234, 125)|1
(213, 193, 192)|(236, 52, 147)|0
(213, 193, 192)|(136, 1, 59)|0
(204, 212, 228)|(218, 193, 148)|0
(204, 212, 228)|(69, 17, 198)|1
(204, 212, 228)|(95, 176, 22)|0
(204, 212, 228)|(246, 70, 238)|0
(204, 212, 228)|(207, 71, 59)|0
(204, 212, 228)|(123, 136, 219)|1
(204, 212, 228)|(251, 56, 197)|1
(204, 212, 228)|(160, 205, 63)|0
(214, 199, 199)|(197, 52, 246)|0
(214, 199, 199)|(202, 205, 40)|0
(214, 199, 199)|(27, 149, 210)|0
(214, 199, 199)|(61, 209, 162)|0
(214, 199, 199)|(73, 48, 48)|1
(214, 199, 199)|(52, 82, 89)|1
(214, 199, 199)|(94, 35, 76)|1
(214, 199, 199)|(219, 189, 239)|0
(41, 84, 157)|(79, 103, 219)|1
(41, 84, 157)|(49, 137, 136)|0
(41, 84, 157)|(198, 1, 69)|1
(41, 84, 157)|(92, 156, 128)|1
(41, 84, 157)|(104, 116, 129)|1
(41, 84, 157)|(210, 59, 2)|1
(41, 84, 157)|(163, 63, 173)|1
(41, 84, 157)|(189, 237, 171)|0
(39, 35, 27)|(223, 219, 117)|0
(39, 35, 27)|(25, 54, 41)|0
(39, 35, 27)|(192, 47, 89)|0
(39, 35, 27)|(183, 205, 30)|0
(39, 35, 27)|(44, 86, 28)|1
(39, 35, 27)|(199, 130, 229)|1
(39, 35, 27)|(165, 0, 178)|0
(39, 35, 27)|(201, 47, 102)|0
(189, 132, 162)|(1, 152, 135)|0
(189, 132, 162)|(74, 63, 85)|1
(189, 132, 162)|(213, 78, 207)|1
(189, 132, 162)|(85, 229, 239)|0
(189, 132, 162)|(147, 252, 16)|0
(189, 132, 162)|(231, 38, 154)|0
(189, 132, 162)|(208, 26, 250)|0
(189, 132, 162)|(82, 221, 198)|0
(216, 143, 107)|(181, 18, 65)|1
(216, 143, 107)|(143, 51, 9)|1
(216, 143, 107)|(107, 194, 186)|1
(216, 143, 107)|(165, 26, 66)|1
(216, 143, 107)|(97, 157, 24)|0
(216, 143, 107)|(10, 213, 33)|1
(216, 143, 107)|(248, 22, 108)|0
(216, 143, 107)|(62, 179, 236)|0
(118, 91, 75)|(54, 78, 164)|1
(118, 91, 75)|(2, 69, 208)|1
(118, 91, 75)|(229, 221, 172)|0
(118, 91, 75)|(90, 159, 22)|1
(118, 91, 75)|(10, 28, 135)|1
(118, 91, 75)|(180, 127, 94)|0
(118, 91, 75)|(174, 142, 181)|1
(118, 91, 75)|(85, 228, 180)|0
(98, 98, 133)|(64, 199, 115)|1
(98, 98, 133)|(193, 180, 203)|1
(98, 98, 133)|(172, 118, 247)|1
(98, 98, 133)|(205, 216, 141)|1
(98, 98, 133)|(116, 242, 152)|1
(98, 98, 133)|(163, 210, 152)|1
(98, 98, 133)|(248, 0, 91)|1
(98, 98, 133)|(47, 108, 159)|0
(202, 201, 203)|(127, 52, 103)|0
(202, 201, 203)|(40, 187, 7)|1
(202, 201, 203)|(163, 19, 79)|0
(202, 201, 203)|(64, 89, 150)|0
(202, 201, 203)|(237, 177, 117)|1
(202, 201, 203)|(245, 74, 7)|1
(202, 201, 203)|(85, 208, 164)|1
(202, 201, 203)|(62, 5, 226)|0
(184, 170, 198)|(106, 68, 67)|0
(184, 170, 198)|(155, 104, 7)|1
(184, 170, 198)|(194, 208, 104)|0
(184, 170, 198)|(10, 158, 29)|1
(184, 170, 198)|(30, 24, 253)|1
(184, 170, 198)|(91, 202, 110)|0
(184, 170, 198)|(80, 6, 38)|0
(184, 170, 198)|(182, 64, 204)|0
(58, 55, 56)|(240, 18, 192)|0
(58, 55, 56)|(203, 216, 74)|0
(58, 55, 56)|(48, 251, 155)|0
(58, 55, 56)|(253, 6, 135)|1
(58, 55, 56)|(64, 135, 108)|0
(58, 55, 56)|(159, 229, 45)|0
(58, 55, 56)|(114, 58, 93)|0
(58, 55, 56)|(135, 142, 29)|0
(103, 153, 203)|(86, 176, 3)|0
(103, 153, 203)|(109, 164, 188)|0
(103, 153, 203)|(217, 200, 149)|1
(103, 153, 203)|(250, 170, 216)|1
(103, 153, 203)|(28, 92, 194)|1
(103, 153, 203)|(208, 177, 156)|1
(103, 153, 203)|(57, 105, 243)|1
(103, 153, 203)|(150, 148, 102)|1
(16, 14, 16)|(72, 4, 115)|0
(16, 14, 16)|(36, 245, 70)|0
(16, 14, 16)|(135, 47, 29)|0
(16, 14, 16)|(92, 232, 183)|1
(16, 14, 16)|(160, 32, 135)|0
(16, 14, 16)|(83, 27, 72)|0
(16, 14, 16)|(121, 100, 28)|0
(16, 14, 16)|(181, 142, 57)|0
(40, 26, 19)|(136, 110, 39)|0
(40, 26, 19)|(187, 256, 179)|1
(40, 26, 19)|(67, 3, 66)|1
(40, 26, 19)|(154, 103, 191)|0
(40, 26, 19)|(19, 184, 8)|0
(40, 26, 19)|(63, 30, 201)|0
(40, 26, 19)|(24, 159, 241)|0
(40, 26, 19)|(73, 187, 102)|0
(171, 176, 191)|(31, 213, 133)|1
(171, 176, 191)|(153, 252, 91)|0
(171, 176, 191)|(144, 131, 200)|0
(171, 176, 191)|(29, 138, 108)|1
(171, 176, 191)|(109, 24, 124)|1
(171, 176, 191)|(131, 50, 172)|0
(171, 176, 191)|(13, 167, 208)|1
(171, 176, 191)|(203, 41, 217)|0
(173, 183, 221)|(145, 141, 132)|0
(173, 183, 221)|(172, 212, 148)|1
(173, 183, 221)|(202, 42, 78)|1
(173, 183, 221)|(119, 149, 123)|1
(173, 183, 221)|(24, 158, 194)|1
(173, 183, 221)|(17, 58, 80)|0
(173, 183, 221)|(106, 89, 17)|0
(173, 183, 221)|(189, 200, 137)|0
(106, 83, 63)|(251, 115, 113)|1
(106, 83, 63)|(62, 2, 140)|1
(106, 83, 63)|(108, 191, 236)|0
(106, 83, 63)|(121, 237, 40)|1
(106, 83, 63)|(164, 43, 214)|0
(106, 83, 63)|(240, 141, 206)|0
(106, 83, 63)|(120, 67, 147)|1
(106, 83, 63)|(159, 215, 32)|1
(21, 24, 49)|(211, 50, 191)|1
(21, 24, 49)|(92, 184, 142)|0
(21, 24, 49)|(115, 155, 252)|1
(21, 24, 49)|(4, 197, 77)|1
(21, 24, 49)|(11, 113, 216)|1
(21, 24, 49)|(135, 123, 248)|0
(21, 24, 49)|(167, 206, 108)|1
(21, 24, 49)|(157, 204, 53)|0
(191, 157, 150)|(195, 99, 154)|0
(191, 157, 150)|(255, 100, 231)|1
(191, 157, 150)|(151, 0, 189)|0
(191, 157, 150)|(144, 6, 249)|0
(191, 157, 150)|(183, 161, 223)|0
(191, 157, 150)|(172, 154, 218)|1
(191, 157, 150)|(53, 153, 60)|1
(191, 157, 150)|(219, 217, 180)|1
(29, 24, 26)|(97, 103, 256)|1
(29, 24, 26)|(1, 231, 80)|0
(29, 24, 26)|(68, 233, 147)|0
(29, 24, 26)|(222, 105, 172)|1
(29, 24, 26)|(93, 79, 147)|0
(29, 24, 26)|(64, 141, 196)|0
(29, 24, 26)|(249, 125, 124)|0
(29, 24, 26)|(211, 33, 174)|1
(56, 48, 34)|(149, 158, 227)|0
(56, 48, 34)|(116, 68, 165)|1
(56, 48, 34)|(151, 60, 228)|0
(56, 48, 34)|(126, 187, 247)|0
(56, 48, 34)|(20, 177, 237)|1
(56, 48, 34)|(124, 38, 158)|0
(56, 48, 34)|(238, 45, 56)|0
(56, 48, 34)|(79, 226, 138)|0
(230, 226, 227)|(142, 156, 249)|0
(230, 226, 227)|(3, 46, 152)|1
(230, 226, 227)|(87, 63, 47)|1
(230, 226, 227)|(4, 129, 238)|0
(230, 226, 227)|(125, 205, 117)|0
(230, 226, 227)|(165, 117, 212)|1
(230, 226, 227)|(87, 154, 93)|0
(230, 226, 227)|(173, 143, 209)|0
(44, 35, 39)|(108, 184, 242)|1
(44, 35, 39)|(169, 103, 199)|0
(44, 35, 39)|(140, 49, 176)|0
(44, 35, 39)|(84, 20, 140)|1
(44, 35, 39)|(4, 199, 226)|1
(44, 35, 39)|(150, 5, 54)|0
(44, 35, 39)|(125, 62, 25)|0
(44, 35, 39)|(228, 111, 19)|1
(247, 246, 248)|(242, 31, 50)|1
(247, 246, 248)|(96, 102, 155)|0
(247, 246, 248)|(129, 37, 204)|0
(247, 246, 248)|(210, 206, 170)|0
(247, 246, 248)|(86, 232, 183)|1
(247, 246, 248)|(19, 92, 227)|1
(247, 246, 248)|(113, 60, 80)|0
(247, 246, 248)|(255, 119, 232)|0
(27, 26, 19)|(133, 57, 153)|0
(27, 26, 19)|(73, 233, 117)|0
(27, 26, 19)|(213, 113, 24)|0
(27, 26, 19)|(75, 94, 47)|1
(27, 26, 19)|(42, 58, 20)|1
(27, 26, 19)|(238, 188, 104)|1
(27, 26, 19)|(146, 22, 41)|1
(27, 26, 19)|(59, 192, 119)|0
(224, 172, 185)|(131, 219, 112)|0
(224, 172, 185)|(64, 214, 231)|0
(224, 172, 185)|(246, 42, 209)|0
(224, 172, 185)|(239, 182, 175)|0
(224, 172, 185)|(82, 253, 204)|0
(224, 172, 185)|(107, 139, 95)|0
(224, 172, 185)|(141, 173, 104)|1
(224, 172, 185)|(6, 231, 144)|0
(31, 20, 23)|(30, 4, 12)|0
(31, 20, 23)|(4, 224, 173)|0
(31, 20, 23)|(153, 242, 12)|0
(31, 20, 23)|(40, 73, 170)|0
(31, 20, 23)|(98, 234, 4)|0
(31, 20, 23)|(92, 48, 27)|0
(31, 20, 23)|(146, 93, 143)|1
(31, 20, 23)|(50, 178, 74)|0
(7, 10, 6)|(250, 222, 191)|0
(7, 10, 6)|(200, 170, 60)|0
(7, 10, 6)|(98, 244, 55)|0
(7, 10, 6)|(50, 120, 129)|0
(7, 10, 6)|(26, 206, 154)|0
(7, 10, 6)|(204, 218, 138)|0
(7, 10, 6)|(2, 1, 43)|0
(7, 10, 6)|(212, 196, 140)|0
(5, 15, 24)|(8, 256, 248)|0
(5, 15, 24)|(182, 117, 66)|0
(5, 15, 24)|(253, 253, 169)|0
(5, 15, 24)|(196, 63, 122)|0
(5, 15, 24)|(102, 115, 221)|0
(5, 15, 24)|(189, 243, 69)|0
(5, 15, 24)|(44, 237, 17)|0
(5, 15, 24)|(214, 114, 28)|0
(154, 173, 215)|(59, 23, 130)|1
(154, 173, 215)|(117, 247, 73)|1
(154, 173, 215)|(211, 188, 145)|0
(154, 173, 215)|(72, 91, 127)|1
(154, 173, 215)|(194, 83, 168)|1
(154, 173, 215)|(171, 98, 239)|0
(154, 173, 215)|(41, 153, 5)|1
(154, 173, 215)|(27, 166, 7)|0
(35, 41, 50)|(2, 248, 76)|0
(35, 41, 50)|(240, 239, 102)|1
(35, 41, 50)|(81, 210, 132)|1
(35, 41, 50)|(243, 28, 141)|1
(35, 41, 50)|(194, 132, 67)|0
(35, 41, 50)|(86, 36, 41)|1
(35, 41, 50)|(44, 202, 90)|0
(35, 41, 50)|(201, 133, 243)|1
(182, 149, 124)|(110, 56, 21)|0
(182, 149, 124)|(216, 83, 144)|1
(182, 149, 124)|(99, 23, 237)|0
(182, 149, 124)|(110, 248, 230)|0
(182, 149, 124)|(150, 94, 238)|0
(182, 149, 124)|(107, 64, 117)|0
(182, 149, 124)|(233, 3, 199)|1
(182, 149, 124)|(144, 29, 241)|0
(124, 89, 67)|(161, 20, 62)|0
(124, 89, 67)|(214, 85, 200)|0
(124, 89, 67)|(174, 192, 132)|0
(124, 89, 67)|(157, 4, 182)|1
(124, 89, 67)|(41, 217, 209)|0
(124, 89, 67)|(5, 236, 76)|0
(124, 89, 67)|(78, 238, 46)|0
(124, 89, 67)|(83, 242, 171)|0
(54, 40, 31)|(132, 110, 7)|1
(54, 40, 31)|(3, 8, 246)|1
(54, 40, 31)|(25, 232, 50)|0
(54, 40, 31)|(67, 11, 153)|0
(54, 40, 31)|(173, 69, 124)|0
(54, 40, 31)|(20, 241, 29)|1
(54, 40, 31)|(146, 187, 43)|0
(54, 40, 31)|(177, 130, 4)|1
(35, 31, 49)|(141, 202, 229)|0
(35, 31, 49)|(254, 135, 119)|1
(35, 31, 49)|(18, 9, 226)|1
(35, 31, 49)|(141, 236, 190)|0
(35, 31, 49)|(198, 235, 253)|1
(35, 31, 49)|(186, 117, 36)|1
(35, 31, 49)|(117, 234, 40)|0
(35, 31, 49)|(53, 101, 120)|0
(118, 95, 97)|(99, 206, 194)|1
(118, 95, 97)|(178, 171, 6)|1
(118, 95, 97)|(28, 197, 112)|0
(118, 95, 97)|(19, 69, 231)|1
(118, 95, 97)|(26, 149, 164)|0
(118, 95, 97)|(124, 56, 57)|1
(118, 95, 97)|(204, 213, 3)|1
(118, 95, 97)|(72, 173, 219)|0
(104, 88, 77)|(45, 102, 235)|0
(104, 88, 77)|(81, 209, 252)|0
(104, 88, 77)|(55, 232, 80)|0
(104, 88, 77)|(49, 108, 20)|0
(104, 88, 77)|(239, 251, 72)|1
(104, 88, 77)|(209, 99, 118)|1
(104, 88, 77)|(253, 204, 144)|1
(104, 88, 77)|(135, 183, 146)|1
(185, 188, 216)|(203, 124, 75)|1
(185, 188, 216)|(73, 169, 89)|1
(185, 188, 216)|(27, 240, 200)|0
(185, 188, 216)|(97, 78, 163)|0
(185, 188, 216)|(4, 203, 179)|0
(185, 188, 216)|(162, 34, 107)|0
(185, 188, 216)|(207, 167, 57)|0
(185, 188, 216)|(204, 195, 5)|0
(213, 198, 209)|(151, 220, 120)|0
(213, 198, 209)|(148, 6, 160)|1
(213, 198, 209)|(51, 124, 104)|0
(213, 198, 209)|(164, 174, 228)|1
(213, 198, 209)|(43, 137, 137)|1
(213, 198, 209)|(179, 158, 217)|1
(213, 198, 209)|(158, 61, 20)|1
(213, 198, 209)|(63, 92, 80)|1
(88, 78, 46)|(133, 225, 227)|1
(88, 78, 46)|(189, 213, 247)|0
(88, 78, 46)|(31, 255, 46)|0
(88, 78, 46)|(162, 215, 203)|0
(88, 78, 46)|(187, 100, 217)|1
(88, 78, 46)|(155, 11, 157)|0
(88, 78, 46)|(185, 24, 132)|0
(88, 78, 46)|(254, 172, 110)|0
(215, 216, 221)|(59, 105, 134)|1
(215, 216, 221)|(71, 1, 89)|1
(215, 216, 221)|(230, 130, 165)|0
(215, 216, 221)|(66, 71, 41)|1
(215, 216, 221)|(39, 139, 205)|0
(215, 216, 221)|(118, 108, 173)|0
(215, 216, 221)|(209, 217, 211)|1
(215, 216, 221)|(44, 157, 85)|0
(119, 96, 96)|(22, 7, 124)|1
(119, 96, 96)|(71, 38, 144)|0
(119, 96, 96)|(2, 19, 109)|0
(119, 96, 96)|(151, 121, 139)|0
(119, 96, 96)|(37, 126, 69)|1
(119, 96, 96)|(149, 239, 43)|1
(119, 96, 96)|(10, 160, 22)|0
(119, 96, 96)|(123, 43, 194)|0
(90, 63, 36)|(171, 70, 25)|0
(90, 63, 36)|(246, 88, 229)|1
(90, 63, 36)|(139, 91, 79)|0
(90, 63, 36)|(196, 220, 223)|1
(90, 63, 36)|(26, 15, 25)|1
(90, 63, 36)|(151, 22, 156)|0
(90, 63, 36)|(95, 246, 70)|0
(90, 63, 36)|(22, 87, 53)|0
(238, 215, 208)|(238, 247, 169)|1
(238, 215, 208)|(67, 120, 118)|1
(238, 215, 208)|(180, 161, 0)|0
(238, 215, 208)|(146, 198, 68)|0
(238, 215, 208)|(189, 131, 119)|0
(238, 215, 208)|(49, 180, 166)|1
(238, 215, 208)|(58, 10, 41)|1
(238, 215, 208)|(44, 150, 199)|0
(50, 38, 48)|(75, 253, 104)|1
(50, 38, 48)|(135, 117, 190)|0
(50, 38, 48)|(142, 59, 246)|0
(50, 38, 48)|(94, 10, 253)|0
(50, 38, 48)|(161, 229, 186)|0
(50, 38, 48)|(55, 159, 140)|1
(50, 38, 48)|(37, 63, 69)|1
(50, 38, 48)|(193, 155, 192)|0
(68, 70, 110)|(131, 18, 9)|1
(68, 70, 110)|(163, 77, 131)|1
(68, 70, 110)|(39, 96, 247)|1
(68, 70, 110)|(248, 190, 211)|0
(68, 70, 110)|(174, 167, 216)|1
(68, 70, 110)|(12, 32, 117)|1
(68, 70, 110)|(106, 170, 233)|0
(68, 70, 110)|(144, 22, 13)|0
(77, 57, 43)|(27, 99, 251)|1
(77, 57, 43)|(63, 114, 121)|0
(77, 57, 43)|(217, 92, 24)|1
(77, 57, 43)|(191, 174, 253)|1
(77, 57, 43)|(200, 127, 80)|1
(77, 57, 43)|(219, 42, 208)|1
(77, 57, 43)|(161, 1, 182)|0
(77, 57, 43)|(171, 65, 165)|0
(37, 25, 33)|(148, 61, 165)|0
(37, 25, 33)|(172, 12, 149)|0
(37, 25, 33)|(185, 95, 179)|0
(37, 25, 33)|(96, 81, 62)|0
(37, 25, 33)|(256, 246, 83)|0
(37, 25, 33)|(252, 227, 111)|1
(37, 25, 33)|(206, 164, 77)|1
(37, 25, 33)|(148, 232, 41)|0
(212, 164, 94)|(157, 102, 193)|0
(212, 164, 94)|(241, 182, 186)|1
(212, 164, 94)|(13, 145, 75)|1
(212, 164, 94)|(56, 197, 2)|1
(212, 164, 94)|(236, 214, 170)|0
(212, 164, 94)|(172, 186, 109)|1
(212, 164, 94)|(92, 97, 159)|1
(212, 164, 94)|(19, 154, 79)|1
(80, 81, 104)|(177, 156, 127)|0
(80, 81, 104)|(43, 213, 225)|1
(80, 81, 104)|(226, 247, 24)|0
(80, 81, 104)|(47, 76, 21)|0
(80, 81, 104)|(179, 231, 15)|0
(80, 81, 104)|(84, 111, 201)|0
(80, 81, 104)|(77, 50, 107)|1
(80, 81, 104)|(79, 230, 74)|1
(238, 125, 49)|(19, 141, 64)|0
(238, 125, 49)|(29, 186, 241)|1
(238, 125, 49)|(35, 204, 243)|1
(238, 125, 49)|(65, 189, 127)|0
(238, 125, 49)|(245, 25, 120)|1
(238, 125, 49)|(231, 35, 238)|0
(238, 125, 49)|(196, 113, 225)|0
(238, 125, 49)|(159, 105, 125)|0
(72, 75, 81)|(86, 109, 73)|1
(72, 75, 81)|(143, 58, 193)|0
(72, 75, 81)|(107, 115, 139)|0
(72, 75, 81)|(79, 38, 24)|1
(72, 75, 81)|(45, 178, 221)|0
(72, 75, 81)|(151, 126, 6)|1
(72, 75, 81)|(133, 152, 231)|0
(72, 75, 81)|(223, 90, 27)|1
(46, 49, 38)|(205, 165, 187)|1
(46, 49, 38)|(56, 52, 216)|0
(46, 49, 38)|(200, 60, 125)|0
(46, 49, 38)|(226, 74, 9)|0
(46, 49, 38)|(198, 251, 171)|1
(46, 49, 38)|(63, 80, 250)|1
(46, 49, 38)|(9, 215, 13)|1
(46, 49, 38)|(39, 13, 34)|0
(71, 69, 66)|(75, 191, 240)|0
(71, 69, 66)|(73, 119, 18)|0
(71, 69, 66)|(256, 42, 69)|0
(71, 69, 66)|(41, 250, 122)|1
(71, 69, 66)|(214, 230, 164)|1
(71, 69, 66)|(192, 214, 149)|1
(71, 69, 66)|(51, 184, 98)|1
(71, 69, 66)|(196, 71, 175)|0
(55, 53, 55)|(31, 52, 94)|0
(55, 53, 55)|(184, 228, 79)|0
(55, 53, 55)|(84, 221, 175)|1
(55, 53, 55)|(239, 107, 96)|1
(55, 53, 55)|(29, 208, 73)|1
(55, 53, 55)|(226, 116, 23)|0
(55, 53, 55)|(240, 156, 92)|1
(55, 53, 55)|(5, 217, 129)|1
(94, 104, 104)|(227, 116, 33)|0
(94, 104, 104)|(210, 0, 30)|1
(94, 104, 104)|(103, 238, 115)|0
(94, 104, 104)|(219, 62, 26)|1
(94, 104, 104)|(13, 223, 158)|1
(94, 104, 104)|(2, 178, 32)|1
(94, 104, 104)|(139, 35, 78)|0
(94, 104, 104)|(207, 51, 11)|0
(212, 202, 202)|(232, 237, 117)|1
(212, 202, 202)|(79, 117, 122)|1
(212, 202, 202)|(79, 119, 93)|1
(212, 202, 202)|(109, 175, 134)|1
(212, 202, 202)|(16, 256, 116)|1
(212, 202, 202)|(218, 243, 213)|0
(212, 202, 202)|(66, 230, 30)|0
(212, 202, 202)|(182, 17, 37)|0
(44, 49, 51)|(234, 230, 166)|0
(44, 49, 51)|(148, 25, 112)|0
(44, 49, 51)|(30, 226, 178)|0
(44, 49, 51)|(30, 16, 234)|0
(44, 49, 51)|(25, 238, 180)|0
(44, 49, 51)|(68, 83, 117)|0
(44, 49, 51)|(172, 22, 52)|1
(44, 49, 51)|(202, 240, 89)|1
(24, 35, 43)|(5, 30, 240)|0
(24, 35, 43)|(196, 82, 180)|0
(24, 35, 43)|(224, 238, 23)|0
(24, 35, 43)|(203, 156, 4)|0
(24, 35, 43)|(22, 254, 134)|0
(24, 35, 43)|(15, 174, 213)|1
(24, 35, 43)|(149, 63, 54)|0
(24, 35, 43)|(230, 190, 122)|1
(205, 207, 210)|(128, 9, 226)|1
(205, 207, 210)|(54, 18, 189)|0
(205, 207, 210)|(124, 154, 248)|1
(205, 207, 210)|(32, 198, 90)|1
(205, 207, 210)|(76, 238, 233)|0
(205, 207, 210)|(11, 156, 29)|1
(205, 207, 210)|(124, 207, 129)|0
(205, 207, 210)|(8, 151, 137)|1
(72, 75, 69)|(256, 12, 91)|0
(72, 75, 69)|(199, 34, 81)|1
(72, 75, 69)|(64, 138, 236)|0
(72, 75, 69)|(177, 77, 86)|0
(72, 75, 69)|(97, 237, 83)|1
(72, 75, 69)|(32, 212, 152)|0
(72, 75, 69)|(240, 209, 56)|1
(72, 75, 69)|(82, 242, 166)|0
(218, 211, 214)|(190, 206, 33)|1
(218, 211, 214)|(98, 35, 207)|0
(218, 211, 214)|(111, 118, 198)|0
(218, 211, 214)|(229, 94, 41)|1
(218, 211, 214)|(246, 179, 166)|1
(218, 211, 214)|(70, 231, 122)|1
(218, 211, 214)|(250, 4, 21)|0
(218, 211, 214)|(13, 223, 62)|0
(38, 45, 46)|(42, 50, 116)|0
(38, 45, 46)|(185, 35, 207)|0
(38, 45, 46)|(155, 66, 17)|0
(38, 45, 46)|(242, 240, 25)|0
(38, 45, 46)|(221, 217, 154)|0
(38, 45, 46)|(193, 96, 142)|1
(38, 45, 46)|(121, 192, 214)|0
(38, 45, 46)|(159, 29, 198)|1
(222, 220, 224)|(130, 225, 57)|0
(222, 220, 224)|(26, 90, 188)|0
(222, 220, 224)|(136, 65, 105)|1
(222, 220, 224)|(209, 2, 182)|1
(222, 220, 224)|(111, 114, 177)|0
(222, 220, 224)|(216, 192, 41)|1
(222, 220, 224)|(214, 130, 129)|0
(222, 220, 224)|(220, 141, 68)|1
(184, 194, 206)|(13, 37, 24)|1
(184, 194, 206)|(189, 121, 8)|0
(184, 194, 206)|(100, 66, 152)|0
(184, 194, 206)|(186, 18, 13)|0
(184, 194, 206)|(25, 185, 145)|1
(184, 194, 206)|(130, 118, 83)|0
(184, 194, 206)|(144, 56, 115)|1
(184, 194, 206)|(124, 31, 105)|1
(8, 12, 20)|(202, 121, 175)|0
(8, 12, 20)|(130, 89, 203)|0
(8, 12, 20)|(128, 139, 141)|0
(8, 12, 20)|(139, 154, 166)|0
(8, 12, 20)|(17, 17, 23)|0
(8, 12, 20)|(154, 112, 28)|0
(8, 12, 20)|(131, 68, 15)|0
(8, 12, 20)|(222, 3, 206)|0
(7, 12, 18)|(250, 74, 230)|0
(7, 12, 18)|(188, 204, 180)|0
(7, 12, 18)|(183, 204, 113)|0
(7, 12, 18)|(89, 202, 119)|1
(7, 12, 18)|(158, 143, 141)|0
(7, 12, 18)|(84, 199, 130)|0
(7, 12, 18)|(24, 209, 10)|0
(7, 12, 18)|(170, 53, 28)|0
(37, 24, 23)|(174, 124, 205)|0
(37, 24, 23)|(202, 43, 138)|0
(37, 24, 23)|(101, 99, 188)|0
(37, 24, 23)|(19, 134, 143)|1
(37, 24, 23)|(228, 144, 24)|0
(37, 24, 23)|(83, 30, 43)|1
(37, 24, 23)|(63, 145, 5)|0
(37, 24, 23)|(49, 23, 13)|0
(180, 194, 207)|(9, 199, 31)|0
(180, 194, 207)|(148, 237, 198)|0
(180, 194, 207)|(45, 42, 157)|1
(180, 194, 207)|(145, 138, 151)|1
(180, 194, 207)|(192, 3, 146)|1
(180, 194, 207)|(77, 28, 112)|1
(180, 194, 207)|(75, 217, 7)|1
(180, 194, 207)|(83, 111, 217)|0
(76, 66, 56)|(122, 120, 229)|1
(76, 66, 56)|(177, 228, 32)|1
(76, 66, 56)|(195, 210, 148)|0
(76, 66, 56)|(169, 216, 99)|1
(76, 66, 56)|(113, 88, 130)|1
(76, 66, 56)|(25, 245, 16)|1
(76, 66, 56)|(89, 163, 113)|0
(76, 66, 56)|(156, 210, 163)|1
(142, 161, 190)|(188, 165, 158)|1
(142, 161, 190)|(80, 174, 112)|1
(142, 161, 190)|(85, 174, 89)|1
(142, 161, 190)|(0, 219, 240)|0
(142, 161, 190)|(250, 86, 131)|0
(142, 161, 190)|(243, 201, 250)|1
(142, 161, 190)|(188, 9, 51)|0
(142, 161, 190)|(193, 26, 168)|1
(149, 169, 194)|(29, 240, 138)|0
(149, 169, 194)|(88, 116, 4)|1
(149, 169, 194)|(30, 214, 124)|0
(149, 169, 194)|(193, 70, 168)|1
(149, 169, 194)|(218, 10, 122)|0
(149, 169, 194)|(32, 1, 62)|0
(149, 169, 194)|(39, 56, 91)|1
(149, 169, 194)|(114, 18, 132)|0
(45, 44, 49)|(54, 66, 184)|0
(45, 44, 49)|(85, 53, 12)|0
(45, 44, 49)|(112, 67, 232)|0
(45, 44, 49)|(75, 18, 241)|0
(45, 44, 49)|(111, 14, 110)|0
(45, 44, 49)|(151, 152, 180)|0
(45, 44, 49)|(55, 123, 10)|0
(45, 44, 49)|(122, 6, 172)|0
(151, 181, 217)|(139, 25, 227)|1
(151, 181, 217)|(252, 72, 191)|1
(151, 181, 217)|(247, 251, 73)|1
(151, 181, 217)|(197, 178, 97)|1
(151, 181, 217)|(43, 50, 3)|1
(151, 181, 217)|(127, 37, 132)|0
(151, 181, 217)|(109, 250, 221)|0
(151, 181, 217)|(119, 112, 148)|0
(218, 216, 230)|(184, 131, 15)|1
(218, 216, 230)|(141, 88, 67)|0
(218, 216, 230)|(143, 79, 75)|1
(218, 216, 230)|(205, 170, 1)|0
(218, 216, 230)|(171, 135, 234)|0
(218, 216, 230)|(4, 68, 28)|1
(218, 216, 230)|(212, 101, 87)|0
(218, 216, 230)|(40, 214, 194)|1
(65, 70, 24)|(156, 238, 235)|0
(65, 70, 24)|(213, 181, 204)|0
(65, 70, 24)|(219, 163, 160)|1
(65, 70, 24)|(188, 124, 228)|1
(65, 70, 24)|(152, 174, 207)|0
(65, 70, 24)|(69, 147, 217)|1
(65, 70, 24)|(46, 177, 152)|0
(65, 70, 24)|(224, 77, 246)|0
(98, 102, 108)|(218, 193, 159)|0
(98, 102, 108)|(52, 90, 227)|1
(98, 102, 108)|(178, 154, 194)|0
(98, 102, 108)|(144, 187, 220)|1
(98, 102, 108)|(70, 122, 127)|0
(98, 102, 108)|(118, 174, 28)|0
(98, 102, 108)|(2, 90, 204)|0
(98, 102, 108)|(208, 14, 93)|0
(215, 231, 238)|(67, 184, 82)|0
(215, 231, 238)|(43, 151, 142)|0
(215, 231, 238)|(89, 99, 4)|1
(215, 231, 238)|(85, 25, 34)|0
(215, 231, 238)|(190, 150, 171)|0
(215, 231, 238)|(57, 194, 222)|1
(215, 231, 238)|(186, 121, 153)|0
(215, 231, 238)|(115, 193, 247)|1
(193, 215, 236)|(0, 86, 77)|1
(193, 215, 236)|(150, 18, 11)|1
(193, 215, 236)|(94, 57, 109)|0
(193, 215, 236)|(208, 166, 244)|1
(193, 215, 236)|(234, 224, 62)|1
(193, 215, 236)|(66, 198, 147)|1
(193, 215, 236)|(227, 26, 113)|1
(193, 215, 236)|(70, 114, 166)|1
(224, 234, 247)|(108, 126, 72)|1
(224, 234, 247)|(30, 218, 119)|0
(224, 234, 247)|(105, 83, 218)|0
(224, 234, 247)|(150, 63, 125)|1
(224, 234, 247)|(195, 47, 206)|0
(224, 234, 247)|(138, 1, 109)|0
(224, 234, 247)|(91, 233, 15)|1
(224, 234, 247)|(116, 22, 136)|0
(237, 239, 242)|(79, 242, 53)|0
(237, 239, 242)|(239, 117, 30)|0
(237, 239, 242)|(69, 249, 12)|1
(237, 239, 242)|(179, 39, 208)|0
(237, 239, 242)|(95, 242, 61)|0
(237, 239, 242)|(84, 222, 185)|0
(237, 239, 242)|(241, 86, 216)|1
(237, 239, 242)|(245, 59, 32)|0
(120, 62, 53)|(54, 223, 245)|1
(120, 62, 53)|(194, 117, 18)|0
(120, 62, 53)|(51, 98, 116)|1
(120, 62, 53)|(174, 155, 60)|0
(120, 62, 53)|(35, 81, 129)|1
(120, 62, 53)|(42, 176, 159)|1
(120, 62, 53)|(219, 93, 183)|1
(120, 62, 53)|(92, 199, 169)|0
(36, 42, 43)|(189, 93, 248)|1
(36, 42, 43)|(151, 169, 67)|1
(36, 42, 43)|(184, 71, 93)|0
(36, 42, 43)|(89, 139, 251)|1
(36, 42, 43)|(159, 84, 252)|1
(36, 42, 43)|(209, 141, 213)|0
(36, 42, 43)|(64, 179, 199)|0
(36, 42, 43)|(199, 82, 243)|0
(23, 24, 27)|(0, 8, 153)|0
(23, 24, 27)|(49, 214, 175)|0
(23, 24, 27)|(7, 187, 146)|0
(23, 24, 27)|(245, 184, 238)|0
(23, 24, 27)|(109, 43, 208)|0
(23, 24, 27)|(210, 248, 108)|0
(23, 24, 27)|(235, 117, 135)|0
(23, 24, 27)|(155, 145, 92)|0
(176, 187, 203)|(143, 245, 112)|0
(176, 187, 203)|(46, 64, 124)|0
(176, 187, 203)|(31, 77, 217)|0
(176, 187, 203)|(129, 214, 229)|1
(176, 187, 203)|(119, 110, 6)|1
(176, 187, 203)|(213, 180, 151)|0
(176, 187, 203)|(96, 219, 71)|1
(176, 187, 203)|(78, 225, 138)|0
(217, 223, 234)|(167, 175, 86)|1
(217, 223, 234)|(107, 34, 114)|1
(217, 223, 234)|(103, 231, 170)|0
(217, 223, 234)|(163, 240, 229)|1
(217, 223, 234)|(14, 47, 204)|1
(217, 223, 234)|(6, 229, 247)|1
(217, 223, 234)|(139, 16, 145)|1
(217, 223, 234)|(193, 111, 4)|0
(208, 211, 216)|(93, 135, 58)|1
(208, 211, 216)|(25, 114, 152)|1
(208, 211, 216)|(88, 240, 219)|1
(208, 211, 216)|(65, 142, 40)|1
(208, 211, 216)|(179, 184, 191)|0
(208, 211, 216)|(96, 155, 175)|0
(208, 211, 216)|(207, 25, 146)|1
(208, 211, 216)|(235, 181, 38)|0
(232, 234, 239)|(43, 146, 38)|1
(232, 234, 239)|(12, 138, 202)|0
(232, 234, 239)|(23, 27, 100)|1
(232, 234, 239)|(52, 197, 64)|1
(232, 234, 239)|(191, 152, 224)|0
(232, 234, 239)|(114, 68, 151)|0
(232, 234, 239)|(226, 253, 12)|1
(232, 234, 239)|(44, 212, 44)|0
(219, 225, 225)|(49, 92, 187)|1
(219, 225, 225)|(110, 172, 114)|1
(219, 225, 225)|(10, 209, 44)|1
(219, 225, 225)|(90, 217, 100)|0
(219, 225, 225)|(243, 49, 127)|1
(219, 225, 225)|(243, 42, 6)|0
(219, 225, 225)|(21, 247, 169)|1
(219, 225, 225)|(155, 153, 73)|0
(236, 213, 196)|(239, 236, 90)|1
(236, 213, 196)|(100, 128, 244)|1
(236, 213, 196)|(208, 105, 150)|1
(236, 213, 196)|(157, 27, 212)|1
(236, 213, 196)|(138, 72, 225)|0
(236, 213, 196)|(29, 154, 78)|0
(236, 213, 196)|(80, 225, 69)|0
(236, 213, 196)|(120, 148, 7)|0
(167, 181, 201)|(243, 183, 184)|0
(167, 181, 201)|(118, 169, 117)|1
(167, 181, 201)|(69, 102, 238)|1
(167, 181, 201)|(69, 138, 243)|0
(167, 181, 201)|(220, 227, 171)|1
(167, 181, 201)|(109, 176, 32)|1
(167, 181, 201)|(2, 38, 149)|0
(167, 181, 201)|(176, 94, 39)|0
(71, 44, 38)|(249, 122, 244)|1
(71, 44, 38)|(189, 49, 210)|0
(71, 44, 38)|(108, 50, 85)|0
(71, 44, 38)|(58, 129, 235)|0
(71, 44, 38)|(128, 251, 16)|0
(71, 44, 38)|(160, 178, 174)|0
(71, 44, 38)|(88, 89, 251)|0
(71, 44, 38)|(178, 117, 151)|0
(230, 232, 240)|(172, 93, 55)|1
(230, 232, 240)|(95, 126, 55)|1
(230, 232, 240)|(155, 254, 45)|0
(230, 232, 240)|(5, 71, 171)|1
(230, 232, 240)|(80, 74, 162)|1
(230, 232, 240)|(14, 150, 105)|1
(230, 232, 240)|(55, 239, 48)|1
(230, 232, 240)|(196, 110, 183)|0
(53, 61, 66)|(193, 159, 230)|0
(53, 61, 66)|(253, 184, 4)|1
(53, 61, 66)|(19, 173, 132)|1
(53, 61, 66)|(138, 192, 17)|0
(53, 61, 66)|(231, 174, 108)|0
(53, 61, 66)|(11, 173, 45)|1
(53, 61, 66)|(2, 163, 132)|1
(53, 61, 66)|(166, 115, 244)|1
(197, 144, 136)|(243, 216, 7)|0
(197, 144, 136)|(191, 22, 139)|1
(197, 144, 136)|(187, 226, 21)|0
(197, 144, 136)|(106, 40, 60)|0
(197, 144, 136)|(162, 116, 38)|0
(197, 144, 136)|(214, 231, 123)|1
(197, 144, 136)|(86, 92, 255)|1
(197, 144, 136)|(76, 39, 37)|1
(13, 9, 8)|(53, 97, 84)|0
(13, 9, 8)|(237, 83, 154)|0
(13, 9, 8)|(189, 64, 188)|0
(13, 9, 8)|(21, 196, 68)|0
(13, 9, 8)|(177, 104, 98)|0
(13, 9, 8)|(64, 192, 11)|1
(13, 9, 8)|(199, 10, 42)|0
(13, 9, 8)|(79, 123, 5)|1
(139, 134, 159)|(245, 45, 11)|0
(139, 134, 159)|(93, 204, 137)|1
(139, 134, 159)|(181, 232, 210)|1
(139, 134, 159)|(219, 13, 224)|1
(139, 134, 159)|(236, 119, 208)|0
(139, 134, 159)|(195, 239, 190)|0
(139, 134, 159)|(4, 12, 176)|1
(139, 134, 159)|(13, 83, 144)|0
(161, 125, 123)|(90, 2, 47)|1
(161, 125, 123)|(158, 69, 232)|0
(161, 125, 123)|(54, 165, 137)|1
(161, 125, 123)|(40, 187, 211)|1
(161, 125, 123)|(0, 158, 14)|1
(161, 125, 123)|(157, 125, 245)|0
(161, 125, 123)|(184, 235, 67)|1
(161, 125, 123)|(97, 69, 39)|0
(172, 165, 173)|(43, 77, 52)|1
(172, 165, 173)|(200, 189, 212)|1
(172, 165, 173)|(14, 225, 216)|0
(172, 165, 173)|(0, 43, 49)|0
(172, 165, 173)|(80, 137, 126)|0
(172, 165, 173)|(246, 27, 14)|1
(172, 165, 173)|(253, 123, 145)|0
(172, 165, 173)|(16, 65, 182)|1
(80, 73, 68)|(222, 62, 94)|1
(80, 73, 68)|(97, 58, 116)|1
(80, 73, 68)|(98, 207, 45)|0
(80, 73, 68)|(239, 16, 207)|0
(80, 73, 68)|(192, 67, 51)|0
(80, 73, 68)|(81, 125, 129)|1
(80, 73, 68)|(229, 110, 213)|1
(80, 73, 68)|(171, 196, 185)|1
(59, 42, 42)|(217, 224, 116)|1
(59, 42, 42)|(53, 114, 235)|1
(59, 42, 42)|(54, 161, 105)|0
(59, 42, 42)|(100, 63, 14)|1
(59, 42, 42)|(195, 197, 141)|0
(59, 42, 42)|(72, 182, 179)|1
(59, 42, 42)|(174, 29, 202)|0
(59, 42, 42)|(37, 26, 131)|0
(201, 176, 162)|(171, 125, 241)|0
(201, 176, 162)|(48, 219, 168)|1
(201, 176, 162)|(77, 214, 221)|1
(201, 176, 162)|(19, 83, 137)|1
(201, 176, 162)|(18, 61, 236)|1
(201, 176, 162)|(121, 210, 165)|0
(201, 176, 162)|(124, 11, 78)|1
(201, 176, 162)|(217, 112, 33)|0
(188, 180, 189)|(61, 188, 137)|1
(188, 180, 189)|(161, 60, 70)|1
(188, 180, 189)|(204, 190, 159)|1
(188, 180, 189)|(81, 198, 185)|0
(188, 180, 189)|(199, 94, 100)|0
(188, 180, 189)|(54, 77, 227)|1
(188, 180, 189)|(100, 126, 191)|1
(188, 180, 189)|(50, 204, 42)|1
(113, 133, 134)|(202, 249, 55)|0
(113, 133, 134)|(17, 138, 25)|1
(113, 133, 134)|(124, 57, 19)|0
(113, 133, 134)|(159, 131, 255)|0
(113, 133, 134)|(101, 158, 113)|1
(113, 133, 134)|(18, 62, 133)|0
(113, 133, 134)|(255, 48, 234)|1
(113, 133, 134)|(248, 85, 207)|0
(219, 219, 224)|(216, 223, 165)|0
(219, 219, 224)|(123, 167, 63)|1
(219, 219, 224)|(189, 3, 229)|1
(219, 219, 224)|(191, 253, 116)|0
(219, 219, 224)|(202, 201, 13)|1
(219, 219, 224)|(42, 99, 194)|0
(219, 219, 224)|(105, 204, 22)|0
(219, 219, 224)|(234, 112, 127)|0
(222, 213, 216)|(8, 130, 86)|1
(222, 213, 216)|(249, 92, 54)|1
(222, 213, 216)|(136, 212, 4)|1
(222, 213, 216)|(199, 48, 190)|0
(222, 213, 216)|(158, 126, 86)|0
(222, 213, 216)|(14, 174, 204)|1
(222, 213, 216)|(162, 129, 50)|0
(222, 213, 216)|(195, 175, 10)|1
(34, 33, 37)|(169, 160, 211)|1
(34, 33, 37)|(147, 180, 72)|0
(34, 33, 37)|(77, 40, 40)|0
(34, 33, 37)|(63, 33, 244)|1
(34, 33, 37)|(241, 167, 242)|0
(34, 33, 37)|(182, 242, 82)|0
(34, 33, 37)|(33, 227, 222)|0
(34, 33, 37)|(182, 78, 170)|0
(212, 191, 206)|(206, 68, 198)|0
(212, 191, 206)|(244, 32, 250)|1
(212, 191, 206)|(220, 140, 31)|0
(212, 191, 206)|(62, 160, 222)|1
(212, 191, 206)|(57, 74, 119)|0
(212, 191, 206)|(15, 71, 25)|1
(212, 191, 206)|(165, 157, 32)|1
(212, 191, 206)|(97, 102, 42)|0
(93, 52, 40)|(44, 209, 147)|0
(93, 52, 40)|(145, 242, 208)|1
(93, 52, 40)|(45, 116, 182)|1
(93, 52, 40)|(79, 31, 30)|0
(93, 52, 40)|(170, 9, 120)|0
(93, 52, 40)|(11, 255, 61)|0
(93, 52, 40)|(27, 44, 37)|0
(93, 52, 40)|(74, 168, 5)|0
(221, 217, 223)|(136, 70, 8)|1
(221, 217, 223)|(166, 46, 46)|1
(221, 217, 223)|(179, 192, 32)|1
(221, 217, 223)|(149, 236, 171)|1
(221, 217, 223)|(82, 226, 135)|0
(221, 217, 223)|(240, 177, 115)|1
(221, 217, 223)|(130, 158, 77)|1
(221, 217, 223)|(145, 19, 63)|1
(26, 25, 29)|(203, 186, 92)|0
(26, 25, 29)|(157, 160, 90)|0
(26, 25, 29)|(231, 228, 65)|0
(26, 25, 29)|(253, 110, 233)|0
(26, 25, 29)|(26, 201, 165)|0
(26, 25, 29)|(139, 167, 59)|0
(26, 25, 29)|(135, 85, 236)|0
(26, 25, 29)|(189, 102, 173)|0
(78, 60, 67)|(162, 237, 153)|0
(78, 60, 67)|(41, 242, 118)|1
(78, 60, 67)|(199, 109, 215)|1
(78, 60, 67)|(200, 223, 74)|0
(78, 60, 67)|(12, 197, 172)|1
(78, 60, 67)|(45, 236, 220)|1
(78, 60, 67)|(125, 159, 75)|1
(78, 60, 67)|(74, 31, 28)|0
(209, 210, 201)|(29, 170, 247)|0
(209, 210, 201)|(30, 13, 145)|1
(209, 210, 201)|(119, 40, 12)|0
(209, 210, 201)|(123, 18, 140)|0
(209, 210, 201)|(173, 236, 119)|0
(209, 210, 201)|(195, 150, 217)|1
(209, 210, 201)|(189, 9, 198)|1
(209, 210, 201)|(253, 26, 48)|0
(28, 19, 20)|(93, 180, 56)|1
(28, 19, 20)|(212, 3, 249)|1
(28, 19, 20)|(12, 1, 206)|0
(28, 19, 20)|(160, 81, 117)|0
(28, 19, 20)|(94, 164, 2)|1
(28, 19, 20)|(23, 204, 95)|0
(28, 19, 20)|(133, 102, 130)|1
(28, 19, 20)|(79, 144, 97)|0
(239, 200, 188)|(24, 60, 187)|1
(239, 200, 188)|(129, 178, 146)|1
(239, 200, 188)|(200, 85, 4)|1
(239, 200, 188)|(146, 29, 89)|1
(239, 200, 188)|(187, 117, 5)|0
(239, 200, 188)|(125, 218, 44)|0
(239, 200, 188)|(179, 20, 218)|1
(239, 200, 188)|(120, 8, 223)|0
(198, 228, 240)|(156, 134, 217)|0
(198, 228, 240)|(8, 190, 231)|1
(198, 228, 240)|(171, 10, 163)|1
(198, 228, 240)|(138, 160, 223)|0
(198, 228, 240)|(59, 82, 83)|1
(198, 228, 240)|(200, 140, 155)|0
(198, 228, 240)|(39, 81, 15)|1
(198, 228, 240)|(190, 35, 195)|1
(87, 89, 100)|(74, 201, 134)|0
(87, 89, 100)|(155, 123, 53)|1
(87, 89, 100)|(189, 75, 28)|0
(87, 89, 100)|(137, 147, 63)|1
(87, 89, 100)|(111, 35, 194)|1
(87, 89, 100)|(256, 92, 248)|0
(87, 89, 100)|(9, 73, 154)|0
(87, 89, 100)|(110, 153, 207)|1
(63, 44, 42)|(180, 228, 13)|1
(63, 44, 42)|(87, 69, 97)|0
(63, 44, 42)|(15, 54, 234)|0
(63, 44, 42)|(172, 252, 157)|0
(63, 44, 42)|(134, 121, 194)|1
(63, 44, 42)|(53, 190, 131)|1
(63, 44, 42)|(158, 33, 76)|1
(63, 44, 42)|(192, 43, 129)|0
(203, 190, 190)|(232, 36, 38)|0
(203, 190, 190)|(230, 156, 23)|1
(203, 190, 190)|(253, 171, 171)|1
(203, 190, 190)|(67, 20, 158)|1
(203, 190, 190)|(41, 16, 69)|1
(203, 190, 190)|(38, 27, 159)|0
(203, 190, 190)|(121, 178, 252)|0
(203, 190, 190)|(61, 189, 28)|1
(56, 45, 51)|(211, 240, 77)|0
(56, 45, 51)|(223, 131, 189)|0
(56, 45, 51)|(194, 92, 88)|1
(56, 45, 51)|(81, 6, 46)|1
(56, 45, 51)|(1, 49, 107)|0
(56, 45, 51)|(188, 96, 90)|1
(56, 45, 51)|(136, 61, 162)|1
(56, 45, 51)|(53, 118, 63)|0
(62, 39, 37)|(81, 76, 95)|1
(62, 39, 37)|(45, 135, 152)|1
(62, 39, 37)|(150, 255, 146)|1
(62, 39, 37)|(190, 150, 59)|1
(62, 39, 37)|(238, 156, 21)|0
(62, 39, 37)|(246, 180, 78)|1
(62, 39, 37)|(1, 180, 251)|0
(62, 39, 37)|(81, 122, 138)|1
(41, 45, 58)|(105, 92, 76)|0
(41, 45, 58)|(229, 224, 238)|1
(41, 45, 58)|(35, 35, 42)|1
(41, 45, 58)|(76, 16, 205)|0
(41, 45, 58)|(40, 138, 220)|0
(41, 45, 58)|(74, 77, 48)|1
(41, 45, 58)|(87, 161, 11)|0
(41, 45, 58)|(59, 222, 142)|0
(236, 225, 227)|(73, 133, 16)|1
(236, 225, 227)|(21, 12, 73)|0
(236, 225, 227)|(214, 187, 32)|0
(236, 225, 227)|(252, 229, 81)|1
(236, 225, 227)|(33, 248, 40)|1
(236, 225, 227)|(237, 192, 0)|0
(236, 225, 227)|(251, 19, 183)|1
(236, 225, 227)|(152, 9, 254)|0
(51, 40, 66)|(70, 60, 166)|0
(51, 40, 66)|(10, 194, 110)|1
(51, 40, 66)|(17, 7, 197)|0
(183, 166, 171)|(127, 62, 38)|0
(183, 166, 171)|(233, 200, 149)|1
(183, 166, 171)|(117, 168, 63)|0
(183, 166, 171)|(156, 84, 150)|0
(80, 66, 63)|(80, 141, 26)|0
(80, 66, 63)|(114, 148, 19)|0
(80, 66, 63)|(139, 196, 111)|0
(80, 66, 63)|(187, 155, 252)|1
(80, 66, 63)|(135, 29, 228)|1
(80, 66, 63)|(1, 105, 179)|0
(80, 66, 63)|(119, 177, 9)|1
(80, 66, 63)|(248, 159, 182)|0
(193, 186, 203)|(216, 84, 76)|1
(193, 186, 203)|(228, 105, 210)|1
(193, 186, 203)|(2, 180, 192)|0
(193, 186, 203)|(66, 58, 18)|0
(193, 186, 203)|(58, 206, 63)|0
(193, 186, 203)|(159, 214, 92)|1
(193, 186, 203)|(210, 220, 146)|1
(193, 186, 203)|(161, 127, 203)|1
(201, 211, 225)|(146, 198, 30)|1
(201, 211, 225)|(80, 67, 239)|0
(201, 211, 225)|(90, 103, 152)|0
(201, 211, 225)|(148, 29, 149)|1
(201, 211, 225)|(4, 134, 224)|0
(201, 211, 225)|(3, 41, 173)|0
(201, 211, 225)|(193, 35, 130)|0
(201, 211, 225)|(148, 152, 185)|0
(140, 154, 195)|(98, 61, 183)|1
(140, 154, 195)|(32, 59, 193)|1
(140, 154, 195)|(201, 36, 138)|0
(140, 154, 195)|(188, 236, 235)|0
(140, 154, 195)|(153, 63, 107)|1
(140, 154, 195)|(93, 106, 115)|0
(140, 154, 195)|(241, 239, 75)|0
(140, 154, 195)|(92, 246, 222)|1
(188, 201, 214)|(49, 5, 65)|0
(188, 201, 214)|(140, 253, 19)|0
(188, 201, 214)|(139, 215, 118)|0
(188, 201, 214)|(212, 232, 45)|1
(188, 201, 214)|(157, 82, 207)|0
(188, 201, 214)|(115, 159, 252)|0
(188, 201, 214)|(69, 80, 208)|1
(188, 201, 214)|(168, 52, 83)|1
(190, 186, 208)|(10, 233, 183)|0
(190, 186, 208)|(228, 219, 128)|0
(190, 186, 208)|(246, 199, 123)|1
(190, 186, 208)|(224, 201, 14)|1
(190, 186, 208)|(224, 9, 198)|0
(190, 186, 208)|(59, 46, 216)|0
(190, 186, 208)|(48, 114, 93)|0
(190, 186, 208)|(226, 166, 21)|0
(42, 41, 45)|(38, 95, 244)|1
(42, 41, 45)|(67, 126, 237)|0
(42, 41, 45)|(65, 220, 36)|0
(42, 41, 45)|(0, 164, 79)|0
(42, 41, 45)|(137, 39, 154)|1
(42, 41, 45)|(9, 94, 18)|0
(42, 41, 45)|(237, 169, 207)|0
(42, 41, 45)|(89, 227, 167)|1
(39, 38, 40)|(56, 125, 29)|0
(39, 38, 40)|(80, 74, 223)|0
(39, 38, 40)|(141, 51, 225)|0
(39, 38, 40)|(244, 142, 82)|0
(39, 38, 40)|(244, 237, 251)|1
(39, 38, 40)|(60, 212, 235)|1
(39, 38, 40)|(103, 251, 244)|0
(39, 38, 40)|(131, 2, 35)|0
(201, 204, 217)|(206, 172, 220)|0
(201, 204, 217)|(88, 110, 143)|1
(201, 204, 217)|(10, 60, 100)|0
(201, 204, 217)|(26, 149, 219)|1
(201, 204, 217)|(145, 83, 72)|0
(201, 204, 217)|(230, 102, 59)|1
(201, 204, 217)|(238, 193, 143)|1
(201, 204, 217)|(232, 197, 232)|1
(51, 53, 59)|(103, 126, 198)|0
(51, 53, 59)|(142, 74, 59)|0
(51, 53, 59)|(41, 110, 115)|0
(51, 53, 59)|(141, 91, 196)|0
(51, 53, 59)|(249, 182, 179)|0
(51, 53, 59)|(100, 161, 44)|1
(51, 53, 59)|(130, 8, 85)|0
(51, 53, 59)|(184, 174, 194)|0
(172, 87, 84)|(163, 146, 138)|1
(172, 87, 84)|(130, 76, 0)|1
(172, 87, 84)|(112, 136, 185)|0
(172, 87, 84)|(210, 90, 150)|1
(172, 87, 84)|(141, 24, 187)|0
(172, 87, 84)|(179, 146, 101)|0
(172, 87, 84)|(20, 44, 175)|0
(172, 87, 84)|(167, 111, 243)|0
(49, 60, 79)|(87, 247, 63)|1
(49, 60, 79)|(79, 9, 119)|0
(49, 60, 79)|(107, 243, 91)|0
(49, 60, 79)|(136, 14, 58)|1
(49, 60, 79)|(95, 25, 51)|0
(49, 60, 79)|(75, 35, 158)|0
(49, 60, 79)|(226, 182, 204)|0
(49, 60, 79)|(181, 28, 136)|1
(221, 221, 233)|(118, 102, 219)|0
(221, 221, 233)|(239, 240, 240)|1
(221, 221, 233)|(42, 133, 25)|0
(221, 221, 233)|(245, 4, 178)|0
(221, 221, 233)|(203, 54, 214)|0
(221, 221, 233)|(216, 17, 21)|1
(221, 221, 233)|(99, 85, 175)|1
(221, 221, 233)|(6, 131, 198)|1
(199, 191, 196)|(198, 4, 235)|1
(199, 191, 196)|(210, 148, 3)|0
(199, 191, 196)|(173, 162, 37)|1
(199, 191, 196)|(166, 92, 125)|0
(199, 191, 196)|(84, 94, 212)|1
(199, 191, 196)|(234, 87, 243)|1
(199, 191, 196)|(19, 83, 232)|0
(199, 191, 196)|(61, 143, 108)|0
(224, 218, 226)|(65, 135, 87)|1
(224, 218, 226)|(135, 120, 39)|1
(224, 218, 226)|(93, 1, 184)|0
(224, 218, 226)|(233, 120, 120)|0
(224, 218, 226)|(91, 155, 155)|1
(224, 218, 226)|(52, 128, 223)|1
(224, 218, 226)|(92, 209, 32)|0
(224, 218, 226)|(93, 181, 65)|0
(152, 182, 207)|(156, 245, 134)|0
(152, 182, 207)|(141, 225, 144)|1
(152, 182, 207)|(100, 134, 249)|1
(152, 182, 207)|(237, 235, 201)|0
(152, 182, 207)|(118, 8, 228)|1
(152, 182, 207)|(76, 18, 24)|0
(152, 182, 207)|(223, 157, 240)|0
(152, 182, 207)|(127, 143, 220)|0
(214, 221, 233)|(129, 33, 136)|0
(214, 221, 233)|(4, 120, 153)|0
(214, 221, 233)|(31, 70, 72)|0
(214, 221, 233)|(131, 184, 30)|0
(214, 221, 233)|(153, 179, 21)|0
(214, 221, 233)|(109, 203, 137)|0
(214, 221, 233)|(184, 230, 59)|1
(214, 221, 233)|(110, 131, 53)|0
(234, 233, 239)|(25, 156, 184)|1
(234, 233, 239)|(201, 156, 175)|0
(234, 233, 239)|(242, 70, 18)|1
(234, 233, 239)|(140, 113, 189)|1
(234, 233, 239)|(188, 223, 162)|0
(234, 233, 239)|(105, 184, 179)|1
(234, 233, 239)|(238, 170, 87)|1
(234, 233, 239)|(156, 93, 68)|1
(73, 77, 95)|(184, 110, 15)|0
(73, 77, 95)|(199, 108, 86)|0
(73, 77, 95)|(197, 164, 199)|1
(73, 77, 95)|(200, 144, 210)|1
(73, 77, 95)|(12, 4, 137)|0
(73, 77, 95)|(113, 251, 194)|0
(73, 77, 95)|(229, 236, 125)|1
(73, 77, 95)|(241, 20, 216)|1
(37, 55, 72)|(122, 232, 176)|0
(37, 55, 72)|(177, 16, 249)|0
(37, 55, 72)|(77, 161, 19)|0
(37, 55, 72)|(92, 251, 144)|0
(37, 55, 72)|(236, 160, 127)|1
(37, 55, 72)|(113, 39, 122)|1
(37, 55, 72)|(126, 51, 217)|0
(37, 55, 72)|(226, 195, 234)|0
(58, 49, 50)|(0, 91, 26)|0
(58, 49, 50)|(229, 130, 237)|0
(58, 49, 50)|(234, 242, 159)|0
(58, 49, 50)|(197, 245, 245)|0
(58, 49, 50)|(161, 189, 3)|1
(58, 49, 50)|(29, 151, 253)|0
(58, 49, 50)|(52, 140, 177)|0
(58, 49, 50)|(75, 186, 135)|0
(131, 147, 169)|(178, 244, 38)|0
(131, 147, 169)|(210, 156, 189)|0
(131, 147, 169)|(207, 67, 127)|0
(131, 147, 169)|(206, 134, 51)|0
(131, 147, 169)|(218, 221, 52)|1
(131, 147, 169)|(222, 159, 229)|0
(131, 147, 169)|(59, 161, 108)|0
(131, 147, 169)|(55, 163, 28)|1
(212, 215, 222)|(248, 79, 97)|0
(212, 215, 222)|(221, 42, 142)|1
(212, 215, 222)|(136, 137, 53)|0
(212, 215, 222)|(71, 13, 79)|0
(212, 215, 222)|(123, 228, 162)|0
(212, 215, 222)|(238, 175, 169)|0
(212, 215, 222)|(217, 64, 15)|1
(212, 215, 222)|(71, 19, 176)|1
(106, 116, 141)|(221, 42, 213)|0
(106, 116, 141)|(151, 177, 210)|0
(106, 116, 141)|(102, 236, 167)|0
(106, 116, 141)|(244, 87, 153)|0
(106, 116, 141)|(163, 250, 120)|0
(106, 116, 141)|(86, 197, 159)|1
(106, 116, 141)|(215, 73, 4)|0
(106, 116, 141)|(25, 44, 142)|1
(20, 21, 25)|(171, 147, 106)|0
(20, 21, 25)|(157, 61, 52)|0
(20, 21, 25)|(180, 76, 130)|1
(20, 21, 25)|(247, 119, 81)|0
(20, 21, 25)|(184, 134, 199)|1
(20, 21, 25)|(162, 239, 224)|0
(20, 21, 25)|(169, 128, 23)|0
(20, 21, 25)|(157, 20, 196)|0
(237, 149, 124)|(181, 230, 48)|0
(237, 149, 124)|(166, 182, 91)|0
(237, 149, 124)|(83, 123, 119)|1
(237, 149, 124)|(211, 38, 47)|1
(237, 149, 124)|(105, 220, 83)|1
(237, 149, 124)|(174, 155, 21)|1
(237, 149, 124)|(157, 43, 175)|0
(237, 149, 124)|(136, 49, 200)|0
(200, 175, 175)|(83, 229, 13)|1
(200, 175, 175)|(242, 33, 127)|0
(200, 175, 175)|(86, 23, 189)|0
(200, 175, 175)|(233, 214, 15)|0
(200, 175, 175)|(39, 91, 100)|0
(200, 175, 175)|(113, 81, 147)|0
(200, 175, 175)|(210, 47, 127)|1
(200, 175, 175)|(149, 114, 70)|0
(223, 238, 245)|(147, 132, 61)|0
(223, 238, 245)|(95, 203, 243)|1
(223, 238, 245)|(169, 15, 231)|0
(223, 238, 245)|(45, 217, 183)|0
(223, 238, 245)|(78, 185, 26)|0
(223, 238, 245)|(12, 209, 88)|0
(223, 238, 245)|(51, 112, 136)|1
(223, 238, 245)|(187, 220, 220)|1
(33, 34, 52)|(42, 32, 10)|0
(33, 34, 52)|(232, 227, 155)|0
(33, 34, 52)|(23, 32, 175)|1
(33, 34, 52)|(34, 203, 89)|0
(33, 34, 52)|(36, 127, 21)|1
(33, 34, 52)|(7, 89, 191)|0
(33, 34, 52)|(173, 194, 192)|0
(33, 34, 52)|(224, 157, 79)|0
(216, 220, 228)|(207, 103, 201)|1
(216, 220, 228)|(17, 20, 222)|0
(216, 220, 228)|(49, 240, 115)|0
(216, 220, 228)|(11, 74, 51)|0
(216, 220, 228)|(166, 231, 8)|1
(216, 220, 228)|(167, 13, 99)|0
(216, 220, 228)|(65, 199, 41)|0
(216, 220, 228)|(253, 90, 72)|0
(230, 233, 239)|(173, 71, 245)|1
(230, 233, 239)|(5, 30, 137)|0
(230, 233, 239)|(83, 126, 62)|0
(230, 233, 239)|(222, 41, 181)|1
(230, 233, 239)|(238, 133, 96)|1
(230, 233, 239)|(112, 46, 238)|1
(230, 233, 239)|(236, 155, 95)|1
(230, 233, 239)|(113, 178, 20)|1
(62, 84, 108)|(39, 251, 148)|0
(62, 84, 108)|(60, 251, 0)|0
(62, 84, 108)|(187, 19, 11)|0
(62, 84, 108)|(70, 74, 164)|0
(62, 84, 108)|(231, 234, 221)|0
(62, 84, 108)|(50, 203, 47)|0
(62, 84, 108)|(131, 248, 18)|0
(62, 84, 108)|(12, 5, 35)|0
(208, 207, 218)|(129, 85, 124)|0
(208, 207, 218)|(177, 53, 52)|1
(208, 207, 218)|(186, 176, 194)|0
(208, 207, 218)|(88, 119, 53)|0
(208, 207, 218)|(132, 133, 106)|0
(208, 207, 218)|(2, 207, 186)|1
(208, 207, 218)|(72, 223, 77)|0
(208, 207, 218)|(222, 194, 223)|0
(48, 54, 79)|(106, 249, 176)|0
(48, 54, 79)|(200, 9, 96)|0
(48, 54, 79)|(148, 64, 220)|0
(48, 54, 79)|(157, 177, 180)|0
(48, 54, 79)|(58, 16, 240)|0
(48, 54, 79)|(74, 56, 66)|0
(48, 54, 79)|(120, 156, 60)|0
(48, 54, 79)|(153, 248, 229)|0
(18, 18, 18)|(43, 237, 172)|0
(18, 18, 18)|(121, 60, 191)|0
(18, 18, 18)|(214, 80, 173)|0
(18, 18, 18)|(118, 47, 144)|0
(18, 18, 18)|(84, 191, 126)|0
(18, 18, 18)|(221, 241, 157)|0
(18, 18, 18)|(48, 52, 55)|0
(18, 18, 18)|(106, 254, 136)|0
(88, 72, 106)|(38, 211, 53)|1
(88, 72, 106)|(219, 205, 156)|0
(88, 72, 106)|(86, 255, 172)|1
(88, 72, 106)|(47, 99, 28)|1
(88, 72, 106)|(14, 187, 62)|0
(88, 72, 106)|(183, 227, 175)|0
(88, 72, 106)|(12, 58, 228)|1
(88, 72, 106)|(152, 90, 83)|0
(242, 235, 231)|(234, 72, 119)|1
(242, 235, 231)|(239, 212, 84)|1
(242, 235, 231)|(206, 221, 17)|1
(242, 235, 231)|(58, 131, 31)|0
(242, 235, 231)|(218, 254, 77)|0
(242, 235, 231)|(109, 40, 155)|0
(242, 235, 231)|(213, 2, 118)|0
(242, 235, 231)|(14, 88, 179)|0
(36, 31, 24)|(66, 65, 36)|1
(36, 31, 24)|(87, 170, 162)|0
(36, 31, 24)|(27, 172, 82)|1
(36, 31, 24)|(154, 252, 69)|1
(36, 31, 24)|(201, 141, 134)|1
(36, 31, 24)|(237, 231, 134)|1
(36, 31, 24)|(3, 211, 6)|1
(36, 31, 24)|(57, 44, 21)|0
(241, 234, 231)|(55, 198, 28)|0
(241, 234, 231)|(51, 219, 116)|0
(241, 234, 231)|(223, 158, 225)|1
(241, 234, 231)|(44, 154, 116)|1
(241, 234, 231)|(34, 93, 219)|1
(241, 234, 231)|(219, 239, 144)|1
(241, 234, 231)|(12, 90, 223)|1
(241, 234, 231)|(164, 177, 156)|1
(37, 31, 25)|(124, 63, 105)|1
(37, 31, 25)|(210, 159, 221)|1
(37, 31, 25)|(234, 147, 42)|1
(37, 31, 25)|(214, 177, 199)|1
(37, 31, 25)|(210, 253, 238)|1
(37, 31, 25)|(48, 69, 133)|1
(37, 31, 25)|(166, 181, 28)|1
(37, 31, 25)|(179, 67, 83)|1
(89, 98, 133)|(2, 221, 115)|1
(89, 98, 133)|(166, 92, 210)|0
(89, 98, 133)|(134, 173, 135)|0
(89, 98, 133)|(233, 170, 140)|1
(89, 98, 133)|(245, 117, 197)|1
(89, 98, 133)|(243, 182, 61)|0
(89, 98, 133)|(160, 42, 254)|1
(89, 98, 133)|(235, 107, 5)|0
(61, 52, 50)|(83, 188, 215)|1
(61, 52, 50)|(178, 142, 121)|1
(61, 52, 50)|(249, 136, 155)|1
(61, 52, 50)|(186, 113, 202)|1
(61, 52, 50)|(169, 181, 165)|0
(61, 52, 50)|(144, 225, 193)|1
(61, 52, 50)|(47, 174, 67)|0
(61, 52, 50)|(200, 161, 184)|0
(148, 162, 222)|(98, 227, 194)|1
(148, 162, 222)|(70, 9, 126)|0
(148, 162, 222)|(77, 122, 231)|1
(148, 162, 222)|(162, 219, 176)|0
(148, 162, 222)|(8, 125, 141)|1
(148, 162, 222)|(153, 219, 120)|1
(148, 162, 222)|(221, 168, 6)|1
(148, 162, 222)|(183, 75, 153)|0
(234, 221, 200)|(47, 53, 14)|1
(234, 221, 200)|(39, 229, 19)|0
(234, 221, 200)|(218, 251, 37)|0
(234, 221, 200)|(113, 6, 176)|0
(234, 221, 200)|(232, 69, 57)|0
(234, 221, 200)|(125, 30, 198)|0
(234, 221, 200)|(170, 173, 229)|0
(234, 221, 200)|(8, 115, 96)|1
(221, 217, 225)|(81, 217, 136)|1
(221, 217, 225)|(76, 201, 25)|1
(221, 217, 225)|(137, 28, 20)|0
(221, 217, 225)|(0, 49, 118)|1
(221, 217, 225)|(147, 247, 102)|1
(221, 217, 225)|(124, 76, 146)|1
(221, 217, 225)|(116, 80, 94)|1
(221, 217, 225)|(232, 102, 147)|0
(129, 70, 51)|(236, 180, 216)|0
(129, 70, 51)|(161, 179, 185)|0
(129, 70, 51)|(174, 103, 245)|0
(129, 70, 51)|(54, 37, 72)|0
(129, 70, 51)|(103, 216, 66)|0
(129, 70, 51)|(38, 229, 110)|0
(129, 70, 51)|(50, 255, 238)|0
(129, 70, 51)|(228, 66, 86)|0
(229, 201, 189)|(163, 255, 55)|0
(229, 201, 189)|(18, 128, 29)|0
(229, 201, 189)|(103, 6, 176)|0
(229, 201, 189)|(66, 188, 202)|0
(229, 201, 189)|(91, 66, 18)|0
(229, 201, 189)|(15, 12, 211)|0
(229, 201, 189)|(60, 116, 199)|0
(229, 201, 189)|(163, 244, 176)|1
(222, 226, 236)|(145, 98, 121)|0
(222, 226, 236)|(46, 52, 191)|1
(222, 226, 236)|(73, 187, 120)|1
(222, 226, 236)|(87, 213, 199)|0
(222, 226, 236)|(244, 252, 201)|0
(222, 226, 236)|(181, 46, 10)|1
(222, 226, 236)|(162, 139, 104)|0
(222, 226, 236)|(104, 100, 165)|0
(89, 76, 61)|(244, 13, 167)|0
(89, 76, 61)|(209, 247, 53)|0
(89, 76, 61)|(201, 67, 129)|0
(89, 76, 61)|(168, 98, 164)|0
(89, 76, 61)|(236, 116, 138)|0
(89, 76, 61)|(207, 252, 25)|0
(89, 76, 61)|(231, 57, 104)|0
(89, 76, 61)|(250, 133, 93)|0
(69, 43, 45)|(72, 104, 37)|0
(69, 43, 45)|(123, 188, 49)|0
(69, 43, 45)|(46, 19, 81)|0
(69, 43, 45)|(99, 70, 216)|0
(69, 43, 45)|(252, 140, 203)|0
(69, 43, 45)|(207, 195, 127)|0
(69, 43, 45)|(116, 87, 230)|1
(69, 43, 45)|(116, 168, 236)|0
(203, 199, 203)|(7, 236, 92)|0
(203, 199, 203)|(199, 168, 36)|0
(203, 199, 203)|(47, 105, 4)|0
(203, 199, 203)|(26, 212, 188)|0
(203, 199, 203)|(242, 234, 94)|0
(203, 199, 203)|(150, 187, 161)|0
(203, 199, 203)|(184, 126, 86)|1
(203, 199, 203)|(184, 175, 139)|0
(32, 40, 58)|(1, 20, 124)|0
(32, 40, 58)|(141, 200, 111)|0
(32, 40, 58)|(252, 75, 89)|1
(32, 40, 58)|(18, 42, 54)|1
(32, 40, 58)|(229, 115, 244)|0
(32, 40, 58)|(43, 212, 178)|0
(32, 40, 58)|(96, 228, 168)|0
(32, 40, 58)|(127, 189, 163)|0
(141, 145, 202)|(119, 78, 177)|1
(141, 145, 202)|(10, 77, 27)|0
(141, 145, 202)|(162, 35, 213)|0
(141, 145, 202)|(75, 100, 195)|0
(141, 145, 202)|(180, 114, 109)|0
(141, 145, 202)|(64, 246, 217)|0
(141, 145, 202)|(5, 167, 17)|0
(141, 145, 202)|(44, 5, 87)|0
(207, 140, 94)|(238, 77, 158)|0
(207, 140, 94)|(102, 205, 144)|0
(207, 140, 94)|(91, 109, 161)|0
(207, 140, 94)|(204, 43, 227)|1
(207, 140, 94)|(201, 41, 226)|0
(207, 140, 94)|(32, 249, 153)|0
(207, 140, 94)|(210, 52, 58)|0
(207, 140, 94)|(99, 244, 126)|1
(105, 94, 95)|(221, 249, 110)|0
(105, 94, 95)|(208, 145, 38)|1
(105, 94, 95)|(85, 219, 171)|0
(105, 94, 95)|(169, 1, 210)|0
(105, 94, 95)|(185, 57, 214)|0
(105, 94, 95)|(89, 127, 164)|0
(105, 94, 95)|(146, 54, 252)|1
(105, 94, 95)|(71, 188, 70)|0
(49, 66, 46)|(148, 81, 5)|0
(49, 66, 46)|(232, 37, 25)|0
(49, 66, 46)|(13, 221, 245)|0
(49, 66, 46)|(163, 66, 238)|0
(49, 66, 46)|(57, 61, 233)|0
(49, 66, 46)|(245, 11, 6)|0
(49, 66, 46)|(241, 81, 176)|0
(49, 66, 46)|(111, 206, 108)|0
(246, 246, 245)|(49, 90, 248)|0
(246, 246, 245)|(137, 112, 49)|0
(246, 246, 245)|(86, 64, 245)|0
(246, 246, 245)|(171, 209, 114)|1
(246, 246, 245)|(15, 70, 218)|1
(246, 246, 245)|(248, 29, 73)|1
(246, 246, 245)|(8, 209, 43)|1
(246, 246, 245)|(161, 158, 231)|0
(133, 143, 180)|(234, 69, 106)|1
(133, 143, 180)|(183, 6, 85)|1
(133, 143, 180)|(31, 250, 145)|1
(133, 143, 180)|(60, 217, 156)|0
(133, 143, 180)|(67, 12, 183)|1
(133, 143, 180)|(3, 70, 209)|1
(133, 143, 180)|(55, 245, 223)|0
(133, 143, 180)|(80, 27, 99)|0
(65, 42, 39)|(129, 99, 248)|1
(65, 42, 39)|(202, 142, 215)|0
(65, 42, 39)|(61, 62, 120)|0
(65, 42, 39)|(18, 167, 26)|0
(65, 42, 39)|(249, 148, 6)|0
(65, 42, 39)|(120, 193, 11)|0
(65, 42, 39)|(29, 100, 142)|0
(65, 42, 39)|(86, 76, 93)|0
(152, 131, 135)|(4, 186, 57)|0
(152, 131, 135)|(4, 70, 73)|0
(152, 131, 135)|(0, 190, 115)|0
(152, 131, 135)|(35, 200, 211)|0
(152, 131, 135)|(100, 74, 154)|0
(152, 131, 135)|(25, 124, 27)|0
(152, 131, 135)|(219, 216, 3)|0
(152, 131, 135)|(141, 25, 50)|1
(212, 194, 171)|(17, 206, 107)|0
(212, 194, 171)|(121, 53, 89)|1
(212, 194, 171)|(173, 54, 108)|0
(212, 194, 171)|(98, 256, 29)|0
(212, 194, 171)|(220, 157, 202)|0
(212, 194, 171)|(251, 211, 87)|0
(212, 194, 171)|(138, 8, 136)|1
(212, 194, 171)|(125, 249, 106)|0
(95, 78, 74)|(79, 108, 71)|1
(95, 78, 74)|(105, 224, 219)|0
(95, 78, 74)|(58, 14, 186)|0
(95, 78, 74)|(225, 172, 43)|0
(95, 78, 74)|(169, 152, 92)|1
(95, 78, 74)|(221, 115, 234)|1
(95, 78, 74)|(95, 230, 181)|0
(95, 78, 74)|(28, 178, 186)|0
(221, 209, 213)|(21, 215, 148)|0
(221, 209, 213)|(2, 61, 70)|1
(221, 209, 213)|(235, 120, 222)|1
(221, 209, 213)|(92, 70, 176)|1
(221, 209, 213)|(123, 101, 178)|1
(221, 209, 213)|(216, 143, 67)|0
(221, 209, 213)|(195, 118, 252)|1
(221, 209, 213)|(97, 181, 87)|1
(97, 72, 60)|(162, 153, 108)|1
(97, 72, 60)|(124, 185, 115)|1
(97, 72, 60)|(47, 227, 229)|1
(97, 72, 60)|(104, 213, 33)|0
(97, 72, 60)|(189, 165, 232)|0
(97, 72, 60)|(217, 176, 202)|0
(97, 72, 60)|(144, 256, 76)|1
(97, 72, 60)|(11, 86, 51)|0
(171, 167, 158)|(213, 164, 92)|1
(171, 167, 158)|(189, 134, 194)|1
(171, 167, 158)|(12, 65, 24)|1
(171, 167, 158)|(53, 139, 198)|0
(171, 167, 158)|(131, 245, 124)|0
(171, 167, 158)|(176, 134, 190)|1
(171, 167, 158)|(189, 235, 103)|1
(171, 167, 158)|(189, 84, 45)|0
(63, 116, 172)|(37, 69, 87)|1
(63, 116, 172)|(154, 90, 164)|1
(63, 116, 172)|(225, 125, 173)|0
(63, 116, 172)|(255, 153, 38)|1
(63, 116, 172)|(174, 84, 218)|1
(63, 116, 172)|(142, 203, 81)|1
(63, 116, 172)|(49, 76, 206)|1
(63, 116, 172)|(190, 91, 66)|0
(210, 187, 195)|(1, 111, 242)|1
(210, 187, 195)|(234, 174, 255)|0
(210, 187, 195)|(133, 240, 191)|1
(210, 187, 195)|(112, 196, 106)|1
(210, 187, 195)|(220, 29, 208)|1
(210, 187, 195)|(251, 185, 250)|0
(210, 187, 195)|(156, 216, 53)|0
(210, 187, 195)|(99, 1, 240)|0
(54, 114, 50)|(86, 109, 1)|0
(54, 114, 50)|(159, 37, 162)|0
(54, 114, 50)|(110, 113, 26)|0
(54, 114, 50)|(124, 73, 93)|0
(54, 114, 50)|(218, 32, 111)|0
(54, 114, 50)|(183, 186, 195)|0
(54, 114, 50)|(244, 98, 92)|0
(54, 114, 50)|(254, 75, 196)|1
(121, 141, 171)|(144, 178, 208)|0
(121, 141, 171)|(157, 66, 86)|0
(121, 141, 171)|(137, 55, 25)|1
(121, 141, 171)|(104, 128, 214)|1
(121, 141, 171)|(89, 148, 202)|0
(121, 141, 171)|(212, 16, 22)|0
(121, 141, 171)|(82, 78, 145)|0
(121, 141, 171)|(28, 117, 209)|0
(215, 211, 228)|(242, 119, 151)|1
(215, 211, 228)|(31, 164, 15)|1
(215, 211, 228)|(28, 177, 234)|0
(215, 211, 228)|(50, 198, 76)|0
(215, 211, 228)|(217, 215, 251)|0
(215, 211, 228)|(0, 167, 7)|0
(215, 211, 228)|(252, 57, 5)|0
(215, 211, 228)|(37, 25, 150)|1
(146, 143, 153)|(196, 124, 256)|0
(146, 143, 153)|(185, 9, 203)|0
(146, 143, 153)|(124, 207, 28)|0
(146, 143, 153)|(95, 240, 119)|0
(146, 143, 153)|(40, 195, 47)|1
(146, 143, 153)|(136, 142, 83)|0
(146, 143, 153)|(47, 68, 108)|0
(146, 143, 153)|(141, 129, 178)|0
(69, 49, 40)|(187, 173, 179)|0
(69, 49, 40)|(229, 49, 221)|1
(69, 49, 40)|(103, 207, 15)|0
(69, 49, 40)|(151, 182, 205)|0
(69, 49, 40)|(205, 124, 84)|1
(69, 49, 40)|(181, 71, 66)|1
(69, 49, 40)|(178, 241, 247)|0
(69, 49, 40)|(220, 37, 142)|1
(236, 186, 136)|(110, 29, 209)|0
(236, 186, 136)|(81, 4, 80)|0
(236, 186, 136)|(19, 140, 105)|0
(236, 186, 136)|(47, 17, 253)|0
(236, 186, 136)|(131, 121, 201)|0
(236, 186, 136)|(15, 137, 250)|1
(236, 186, 136)|(218, 174, 13)|0
(236, 186, 136)|(19, 56, 98)|0
(190, 158, 132)|(180, 12, 130)|1
(190, 158, 132)|(58, 218, 162)|0
(190, 158, 132)|(124, 123, 122)|1
(190, 158, 132)|(204, 188, 15)|0
(190, 158, 132)|(195, 114, 84)|0
(190, 158, 132)|(193, 249, 18)|1
(190, 158, 132)|(209, 124, 217)|0
(190, 158, 132)|(205, 101, 253)|0
(209, 173, 192)|(235, 174, 218)|0
(209, 173, 192)|(80, 185, 93)|0
(209, 173, 192)|(187, 71, 84)|1
(209, 173, 192)|(0, 250, 54)|1
(209, 173, 192)|(203, 214, 2)|0
(209, 173, 192)|(185, 147, 151)|0
(209, 173, 192)|(196, 52, 227)|0
(209, 173, 192)|(137, 256, 249)|0
(233, 232, 236)|(241, 130, 152)|0
(233, 232, 236)|(146, 199, 66)|1
(233, 232, 236)|(141, 195, 192)|0
(233, 232, 236)|(171, 47, 46)|0
(233, 232, 236)|(35, 40, 180)|1
(233, 232, 236)|(141, 36, 21)|0
(233, 232, 236)|(136, 170, 178)|0
(233, 232, 236)|(105, 253, 45)|0
(201, 176, 164)|(26, 144, 199)|0
(201, 176, 164)|(139, 39, 154)|1
(201, 176, 164)|(123, 207, 200)|0
(201, 176, 164)|(162, 25, 58)|1
(201, 176, 164)|(3, 92, 197)|0
(201, 176, 164)|(7, 244, 30)|1
(201, 176, 164)|(13, 67, 18)|0
(201, 176, 164)|(55, 27, 75)|0
(47, 57, 92)|(54, 255, 140)|0
(47, 57, 92)|(41, 125, 52)|1
(47, 57, 92)|(95, 241, 191)|0
(47, 57, 92)|(8, 48, 118)|1
(47, 57, 92)|(205, 171, 201)|0
(47, 57, 92)|(85, 28, 148)|0
(47, 57, 92)|(223, 19, 68)|0
(47, 57, 92)|(116, 20, 247)|1
(61, 138, 173)|(192, 142, 45)|0
(61, 138, 173)|(86, 136, 192)|0
(61, 138, 173)|(153, 245, 130)|0
(61, 138, 173)|(52, 253, 165)|1
(61, 138, 173)|(88, 252, 56)|1
(61, 138, 173)|(68, 97, 157)|0
(61, 138, 173)|(224, 243, 205)|0
(61, 138, 173)|(104, 164, 83)|1
(206, 167, 128)|(44, 160, 1)|0
(206, 167, 128)|(247, 163, 236)|0
(206, 167, 128)|(132, 247, 177)|0
(206, 167, 128)|(40, 241, 101)|1
(206, 167, 128)|(181, 73, 1)|1
(206, 167, 128)|(84, 53, 74)|0
(206, 167, 128)|(3, 73, 28)|0
(206, 167, 128)|(160, 223, 202)|1
(111, 103, 92)|(73, 199, 84)|1
(111, 103, 92)|(208, 187, 39)|0
(111, 103, 92)|(42, 203, 86)|0
(183, 166, 171)|(30, 7, 176)|1
(183, 166, 171)|(23, 156, 1)|0
(183, 166, 171)|(116, 176, 110)|0
(183, 166, 171)|(209, 84, 37)|1
(80, 66, 63)|(225, 32, 79)|1
